timeOpen;timeClose;timeHigh;timeLow;name;open;high;low;close;volume;marketCap;timestamp
"2025-03-12T00:00:00.000Z";"2025-03-12T23:59:59.999Z";"2025-03-12T11:37:00.000Z";"2025-03-12T23:34:00.000Z";"2781";0.160948252;0.168169703;0.1377495015;0.1380463069;114.86;0;"2025-03-12T23:59:59.999Z"
"2025-03-11T00:00:00.000Z";"2025-03-11T23:59:59.999Z";"2025-03-11T10:09:00.000Z";"2025-03-11T23:25:00.000Z";"2781";0.1794979824;0.1973571292;0.1609435607;0.160948252;19.25;0;"2025-03-11T23:59:59.999Z"
"2025-03-10T00:00:00.000Z";"2025-03-10T23:59:59.999Z";"2025-03-10T15:44:00.000Z";"2025-03-10T18:19:00.000Z";"2781";0.2501141321;0.2802185601;0.1099351802;0.1794979824;205.06;0;"2025-03-10T23:59:59.999Z"
"2025-03-09T00:00:00.000Z";"2025-03-09T23:59:59.999Z";"2025-03-09T00:00:00.000Z";"2025-03-09T00:00:00.000Z";"2781";0.2501141321;0.2501141321;0.2501141321;0.2501141321;0;0;"2025-03-09T23:59:59.999Z"
"2025-03-08T00:00:00.000Z";"2025-03-08T23:59:59.999Z";"2025-03-08T00:01:00.000Z";"2025-03-08T03:24:00.000Z";"2781";0.2510984658;0.2511829856;0.2495367878;0.2501141321;0;0;"2025-03-08T23:59:59.999Z"
"2025-03-07T00:00:00.000Z";"2025-03-07T23:59:59.999Z";"2025-03-07T00:00:00.000Z";"2025-03-07T22:20:00.000Z";"2781";0.2570905664;0.2570905664;0.249912239;0.2510984658;0.21;0;"2025-03-07T23:59:59.999Z"
"2025-03-06T00:00:00.000Z";"2025-03-06T23:59:59.999Z";"2025-03-06T07:32:00.000Z";"2025-03-06T12:56:00.000Z";"2781";0.2579712057;0.2611619394;0.2570326146;0.2570905664;0;0;"2025-03-06T23:59:59.999Z"
"2025-03-05T00:00:00.000Z";"2025-03-05T23:59:59.999Z";"2025-03-05T23:50:00.000Z";"2025-03-05T07:33:00.000Z";"2781";0.2478685948;0.2582257496;0.2422518655;0.2579712057;0.37;0;"2025-03-05T23:59:59.999Z"
"2025-03-04T00:00:00.000Z";"2025-03-04T23:59:59.999Z";"2025-03-04T00:00:00.000Z";"2025-03-04T00:00:00.000Z";"2781";0.2478685948;0.2478685948;0.2478685948;0.2478685948;0;0;"2025-03-04T23:59:59.999Z"
"2025-03-03T00:00:00.000Z";"2025-03-03T23:59:59.999Z";"2025-03-03T00:00:00.000Z";"2025-03-03T00:00:00.000Z";"2781";0.2478685948;0.2478685948;0.2478685948;0.2478685948;0;0;"2025-03-03T23:59:59.999Z"
"2025-03-02T00:00:00.000Z";"2025-03-02T23:59:59.999Z";"2025-03-02T00:00:00.000Z";"2025-03-02T00:00:00.000Z";"2781";0.2478685948;0.2478685948;0.2478685948;0.2478685948;0;0;"2025-03-02T23:59:59.999Z"
"2025-03-01T00:00:00.000Z";"2025-03-01T23:59:59.999Z";"2025-03-01T04:57:00.000Z";"2025-03-01T01:04:00.000Z";"2781";0.2469468871;0.2496060155;0.2461687167;0.2478685948;0;0;"2025-03-01T23:59:59.999Z"
"2025-02-28T00:00:00.000Z";"2025-02-28T23:59:59.999Z";"2025-02-28T00:00:00.000Z";"2025-02-28T20:28:00.000Z";"2781";0.2600679039;0.2600679039;0.2459444112;0.2469468871;0.25;0;"2025-02-28T23:59:59.999Z"
"2025-02-27T00:00:00.000Z";"2025-02-27T23:59:59.999Z";"2025-02-27T15:57:00.000Z";"2025-02-27T00:01:00.000Z";"2781";0.2479612221;0.2600679039;0.2479612221;0.2600679039;0;0;"2025-02-27T23:59:59.999Z"
"2025-02-26T00:00:00.000Z";"2025-02-26T23:59:59.999Z";"2025-02-26T16:05:00.000Z";"2025-02-26T14:29:00.000Z";"2781";0.2501683653;0.251130193;0.2455151298;0.2479612221;0.25;0;"2025-02-26T23:59:59.999Z"
"2025-02-25T00:00:00.000Z";"2025-02-25T23:59:59.999Z";"2025-02-25T03:52:00.000Z";"2025-02-25T20:10:00.000Z";"2781";0.257354659;0.2580448653;0.2472300291;0.2501683653;0.18;0;"2025-02-25T23:59:59.999Z"
"2025-02-24T00:00:00.000Z";"2025-02-24T23:59:59.999Z";"2025-02-24T13:40:00.000Z";"2025-02-24T23:42:00.000Z";"2781";0.2614447653;0.2625443253;0.257264416;0.257354659;0.06;0;"2025-02-24T23:59:59.999Z"
"2025-02-23T00:00:00.000Z";"2025-02-23T23:59:59.999Z";"2025-02-23T00:52:00.000Z";"2025-02-23T12:59:00.000Z";"2781";0.2621556447;0.2622091925;0.261058724;0.2614447653;0;0;"2025-02-23T23:59:59.999Z"
"2025-02-22T00:00:00.000Z";"2025-02-22T23:59:59.999Z";"2025-02-22T12:59:00.000Z";"2025-02-22T00:31:00.000Z";"2781";0.2614510117;0.2642397476;0.2610930949;0.2621556447;0.32;0;"2025-02-22T23:59:59.999Z"
"2025-02-21T00:00:00.000Z";"2025-02-21T23:59:59.999Z";"2025-02-21T13:40:00.000Z";"2025-02-21T23:36:00.000Z";"2781";0.2637848012;0.2680652868;0.261322108;0.2614510117;1.24;0;"2025-02-21T23:59:59.999Z"
"2025-02-20T00:00:00.000Z";"2025-02-20T23:59:59.999Z";"2025-02-20T05:28:00.000Z";"2025-02-20T16:02:00.000Z";"2781";0.2799815433;0.2800604687;0.261943984;0.2637848012;0.27;0;"2025-02-20T23:59:59.999Z"
"2025-02-19T00:00:00.000Z";"2025-02-19T23:59:59.999Z";"2025-02-19T15:13:00.000Z";"2025-02-19T05:30:00.000Z";"2781";0.260027049;0.2801853608;0.2595005516;0.2799815433;0.23;0;"2025-02-19T23:59:59.999Z"
"2025-02-18T00:00:00.000Z";"2025-02-18T23:59:59.999Z";"2025-02-18T06:44:00.000Z";"2025-02-18T19:23:00.000Z";"2781";0.2799957;0.2801568575;0.2574713517;0.260027049;0.27;0;"2025-02-18T23:59:59.999Z"
"2025-02-17T00:00:00.000Z";"2025-02-17T23:59:59.999Z";"2025-02-17T16:01:00.000Z";"2025-02-17T00:00:00.000Z";"2781";0.2684279135;0.2801186252;0.2684279135;0.2799957;419.03;0;"2025-02-17T23:59:59.999Z"
"2025-02-16T00:00:00.000Z";"2025-02-16T23:59:59.999Z";"2025-02-16T00:00:00.000Z";"2025-02-16T00:00:00.000Z";"2781";0.2684279135;0.2684279135;0.2684279135;0.2684279135;0;0;"2025-02-16T23:59:59.999Z"
"2025-02-15T00:00:00.000Z";"2025-02-15T23:59:59.999Z";"2025-02-15T03:16:00.000Z";"2025-02-15T08:17:00.000Z";"2781";0.2688176897;0.2696861454;0.2678245795;0.2684279135;0;0;"2025-02-15T23:59:59.999Z"
"2025-02-14T00:00:00.000Z";"2025-02-14T23:59:59.999Z";"2025-02-14T18:09:00.000Z";"2025-02-14T01:53:00.000Z";"2781";0.2554539579;0.2720115656;0.2551560564;0.2688176897;0;0;"2025-02-14T23:59:59.999Z"
"2025-02-13T00:00:00.000Z";"2025-02-13T23:59:59.999Z";"2025-02-13T15:02:00.000Z";"2025-02-13T23:08:00.000Z";"2781";0.2800243878;0.2801104832;0.2551116686;0.2554539579;1.02;0;"2025-02-13T23:59:59.999Z"
"2025-02-12T00:00:00.000Z";"2025-02-12T23:59:59.999Z";"2025-02-12T08:44:00.000Z";"2025-02-12T21:04:00.000Z";"2781";0.4435911166;0.4458392072;0.279807794;0.2800243878;262.28;0;"2025-02-12T23:59:59.999Z"
"2025-02-11T00:00:00.000Z";"2025-02-11T23:59:59.999Z";"2025-02-11T09:07:00.000Z";"2025-02-11T02:07:00.000Z";"2781";0.2800801333;0.4692934063;0.2800274408;0.4435911166;68.23;0;"2025-02-11T23:59:59.999Z"
"2025-02-10T00:00:00.000Z";"2025-02-10T23:59:59.999Z";"2025-02-10T19:41:00.000Z";"2025-02-10T16:43:00.000Z";"2781";0.2590836254;0.2801898408;0.2567521335;0.2800801333;0.06;0;"2025-02-10T23:59:59.999Z"
"2025-02-09T00:00:00.000Z";"2025-02-09T23:59:59.999Z";"2025-02-09T17:07:00.000Z";"2025-02-09T22:19:00.000Z";"2781";0.2800882462;0.4161097067;0.2553135791;0.2590836254;344.39;0;"2025-02-09T23:59:59.999Z"
"2025-02-08T00:00:00.000Z";"2025-02-08T23:59:59.999Z";"2025-02-08T00:45:00.000Z";"2025-02-08T00:02:00.000Z";"2781";0.2449890466;0.2805728154;0.2449890466;0.2800882462;3.25;0;"2025-02-08T23:59:59.999Z"
"2025-02-07T00:00:00.000Z";"2025-02-07T23:59:59.999Z";"2025-02-07T12:11:00.000Z";"2025-02-07T22:36:00.000Z";"2781";0.2802209767;0.2838906515;0.2422905727;0.2449890466;3009.76;0;"2025-02-07T23:59:59.999Z"
"2025-02-06T00:00:00.000Z";"2025-02-06T23:59:59.999Z";"2025-02-06T11:54:00.000Z";"2025-02-06T19:52:00.000Z";"2781";0.280225279;0.2875822919;0.2780856401;0.2802209767;0.23;0;"2025-02-06T23:59:59.999Z"
"2025-02-05T00:00:00.000Z";"2025-02-05T23:59:59.999Z";"2025-02-05T01:13:00.000Z";"2025-02-05T23:35:00.000Z";"2781";0.2981804814;0.2991737272;0.2789224975;0.280225279;0.09;0;"2025-02-05T23:59:59.999Z"
"2025-02-04T00:00:00.000Z";"2025-02-04T23:59:59.999Z";"2025-02-04T00:00:00.000Z";"2025-02-04T22:15:00.000Z";"2781";0.4005104388;0.4005104388;0.2953791942;0.2981804814;0.12;0;"2025-02-04T23:59:59.999Z"
"2025-02-03T00:00:00.000Z";"2025-02-03T23:59:59.999Z";"2025-02-03T09:15:00.000Z";"2025-02-03T00:58:00.000Z";"2781";0.3997741077;0.4006247979;0.3995903355;0.4005104388;0;0;"2025-02-03T23:59:59.999Z"
"2025-02-02T00:00:00.000Z";"2025-02-02T23:59:59.999Z";"2025-02-02T15:42:00.000Z";"2025-02-02T04:34:00.000Z";"2781";0.3691447237;0.4099313531;0.3690763139;0.3997741077;14.49;0;"2025-02-02T23:59:59.999Z"
"2025-02-01T00:00:00.000Z";"2025-02-01T23:59:59.999Z";"2025-02-01T23:37:00.000Z";"2025-02-01T00:00:00.000Z";"2781";0.346367442;0.3694781808;0.346367442;0.3691447237;0.04;0;"2025-02-01T23:59:59.999Z"
"2025-01-31T00:00:00.000Z";"2025-01-31T23:59:59.999Z";"2025-01-31T18:55:00.000Z";"2025-01-31T19:57:00.000Z";"2781";0.3464690835;0.3465481727;0.3462107463;0.346367442;0;0;"2025-01-31T23:59:59.999Z"
"2025-01-30T00:00:00.000Z";"2025-01-30T23:59:59.999Z";"2025-01-30T06:41:00.000Z";"2025-01-30T23:19:00.000Z";"2781";0.4417969575;0.4483033591;0.3464256567;0.3464690835;0.11;0;"2025-01-30T23:59:59.999Z"
"2025-01-29T00:00:00.000Z";"2025-01-29T23:59:59.999Z";"2025-01-29T20:36:00.000Z";"2025-01-29T00:01:00.000Z";"2781";0.3039568329;0.4625336968;0.3039568329;0.4417969575;214.84;0;"2025-01-29T23:59:59.999Z"
"2025-01-28T00:00:00.000Z";"2025-01-28T23:59:59.999Z";"2025-01-28T15:38:00.000Z";"2025-01-28T22:01:00.000Z";"2781";0.3029298681;0.3108769021;0.3007467233;0.3039568329;0.28;0;"2025-01-28T23:59:59.999Z"
"2025-01-27T00:00:00.000Z";"2025-01-27T23:59:59.999Z";"2025-01-27T00:00:00.000Z";"2025-01-27T07:22:00.000Z";"2781";0.3167751396;0.3167751396;0.2970768063;0.3029298681;0.61;0;"2025-01-27T23:59:59.999Z"
"2025-01-26T00:00:00.000Z";"2025-01-26T23:59:59.999Z";"2025-01-26T04:30:00.000Z";"2025-01-26T09:44:00.000Z";"2781";0.3159722795;0.3179328106;0.3153362608;0.3167751396;0;0;"2025-01-26T23:59:59.999Z"
"2025-01-25T00:00:00.000Z";"2025-01-25T23:59:59.999Z";"2025-01-25T00:00:00.000Z";"2025-01-25T17:19:00.000Z";"2781";0.321645648;0.321645648;0.3154477707;0.3159722795;0.48;0;"2025-01-25T23:59:59.999Z"
"2025-01-24T00:00:00.000Z";"2025-01-24T23:59:59.999Z";"2025-01-24T18:51:00.000Z";"2025-01-24T14:20:00.000Z";"2781";0.3217078596;0.3217630857;0.3215122135;0.321645648;0;0;"2025-01-24T23:59:59.999Z"
"2025-01-23T00:00:00.000Z";"2025-01-23T23:59:59.999Z";"2025-01-23T23:49:00.000Z";"2025-01-23T22:19:00.000Z";"2781";0.315083271;0.3217591635;0.3001500296;0.3217078596;4.85;0;"2025-01-23T23:59:59.999Z"
"2025-01-22T00:00:00.000Z";"2025-01-22T23:59:59.999Z";"2025-01-22T01:07:00.000Z";"2025-01-22T16:55:00.000Z";"2781";0.3185178431;0.3187741972;0.3136152301;0.315083271;0;0;"2025-01-22T23:59:59.999Z"
"2025-01-21T00:00:00.000Z";"2025-01-21T23:59:59.999Z";"2025-01-21T16:23:00.000Z";"2025-01-21T01:35:00.000Z";"2781";0.2968311059;0.4596214116;0.296092157;0.3185178431;35.47;0;"2025-01-21T23:59:59.999Z"
"2025-01-20T00:00:00.000Z";"2025-01-20T23:59:59.999Z";"2025-01-20T07:08:00.000Z";"2025-01-20T11:07:00.000Z";"2781";0.3140359196;0.3379261627;0.2949222166;0.2968311059;811.24;0;"2025-01-20T23:59:59.999Z"
"2025-01-19T00:00:00.000Z";"2025-01-19T23:59:59.999Z";"2025-01-19T21:03:00.000Z";"2025-01-19T23:37:00.000Z";"2781";0.322694934;0.3287301376;0.309996351;0.3140359196;790.09;0;"2025-01-19T23:59:59.999Z"
"2025-01-18T00:00:00.000Z";"2025-01-18T23:59:59.999Z";"2025-01-18T03:31:00.000Z";"2025-01-18T08:31:00.000Z";"2781";0.3536135322;0.4976914819;0.3212118093;0.322694934;94.15;0;"2025-01-18T23:59:59.999Z"
"2025-01-17T00:00:00.000Z";"2025-01-17T23:59:59.999Z";"2025-01-17T17:06:00.000Z";"2025-01-17T00:04:00.000Z";"2781";0.338267335;0.4231225034;0.3381948007;0.3536135322;1.1;0;"2025-01-17T23:59:59.999Z"
"2025-01-16T00:00:00.000Z";"2025-01-16T23:59:59.999Z";"2025-01-16T11:04:00.000Z";"2025-01-16T23:07:00.000Z";"2781";0.3491426717;0.3654838116;0.3379398233;0.338267335;68.05;0;"2025-01-16T23:59:59.999Z"
"2025-01-15T00:00:00.000Z";"2025-01-15T23:59:59.999Z";"2025-01-15T01:03:00.000Z";"2025-01-15T17:59:00.000Z";"2781";0.4599341739;0.4599818541;0.3337333735;0.3491426717;661.11;0;"2025-01-15T23:59:59.999Z"
"2025-01-14T00:00:00.000Z";"2025-01-14T23:59:59.999Z";"2025-01-14T21:50:00.000Z";"2025-01-14T00:49:00.000Z";"2781";0.4205855146;0.4600844794;0.419998132;0.4599341739;0.1;0;"2025-01-14T23:59:59.999Z"
"2025-01-13T00:00:00.000Z";"2025-01-13T23:59:59.999Z";"2025-01-13T00:46:00.000Z";"2025-01-13T17:02:00.000Z";"2781";0.4568926198;0.4572639734;0.4064393363;0.4205855146;1.02;0;"2025-01-13T23:59:59.999Z"
"2025-01-12T00:00:00.000Z";"2025-01-12T23:59:59.999Z";"2025-01-12T00:09:00.000Z";"2025-01-12T22:26:00.000Z";"2781";0.66163777;0.662014406;0.4567492089;0.4568926198;5.21;0;"2025-01-12T23:59:59.999Z"
"2025-01-11T00:00:00.000Z";"2025-01-11T23:59:59.999Z";"2025-01-11T21:57:00.000Z";"2025-01-11T00:51:00.000Z";"2781";0.4289755027;0.6642643713;0.4278761941;0.66163777;0.4;0;"2025-01-11T23:59:59.999Z"
"2025-01-10T00:00:00.000Z";"2025-01-10T23:59:59.999Z";"2025-01-10T20:13:00.000Z";"2025-01-10T15:20:00.000Z";"2781";0.3885866364;0.43092833;0.3884088435;0.4289755027;0.64;0;"2025-01-10T23:59:59.999Z"
"2025-01-09T00:00:00.000Z";"2025-01-09T23:59:59.999Z";"2025-01-09T11:53:00.000Z";"2025-01-09T08:16:00.000Z";"2781";0.3727556265;0.6051880544;0.356335631;0.3885866364;186.87;0;"2025-01-09T23:59:59.999Z"
"2025-01-08T00:00:00.000Z";"2025-01-08T23:59:59.999Z";"2025-01-08T01:04:00.000Z";"2025-01-08T23:20:00.000Z";"2781";0.5817044121;0.5834631254;0.3708239754;0.3727556265;0.6;0;"2025-01-08T23:59:59.999Z"
"2025-01-07T00:00:00.000Z";"2025-01-07T23:59:59.999Z";"2025-01-07T02:25:00.000Z";"2025-01-07T17:21:00.000Z";"2781";0.7243595589;0.7265429102;0.4092442027;0.5817044121;0.6;0;"2025-01-07T23:59:59.999Z"
"2025-01-06T00:00:00.000Z";"2025-01-06T23:59:59.999Z";"2025-01-06T16:34:00.000Z";"2025-01-06T01:25:00.000Z";"2781";0.3628480108;0.7348017685;0.3618330235;0.7243595589;0.08;0;"2025-01-06T23:59:59.999Z"
"2025-01-05T00:00:00.000Z";"2025-01-05T23:59:59.999Z";"2025-01-05T23:04:00.000Z";"2025-01-05T14:19:00.000Z";"2781";0.3632253163;0.3637528952;0.360521279;0.3628480108;0;0;"2025-01-05T23:59:59.999Z"
"2025-01-04T00:00:00.000Z";"2025-01-04T23:59:59.999Z";"2025-01-04T21:11:00.000Z";"2025-01-04T10:27:00.000Z";"2781";0.3618281503;0.3639379246;0.3603977836;0.3632253163;0;0;"2025-01-04T23:59:59.999Z"
"2025-01-03T00:00:00.000Z";"2025-01-03T23:59:59.999Z";"2025-01-03T02:25:00.000Z";"2025-01-03T08:40:00.000Z";"2781";0.406973405;0.4087233837;0.3548635848;0.3618281503;0;0;"2025-01-03T23:59:59.999Z"
"2025-01-02T00:00:00.000Z";"2025-01-02T23:59:59.999Z";"2025-01-02T20:24:00.000Z";"2025-01-02T00:22:00.000Z";"2781";0.4000075927;0.4106883618;0.3987400249;0.406973405;12.67;0;"2025-01-02T23:59:59.999Z"
"2025-01-01T00:00:00.000Z";"2025-01-01T23:59:59.999Z";"2025-01-01T14:22:00.000Z";"2025-01-01T09:48:00.000Z";"2781";0.3519275023;0.4062159924;0.3507795984;0.4000075927;29.13;0;"2025-01-01T23:59:59.999Z"
"2024-12-31T00:00:00.000Z";"2024-12-31T23:59:59.999Z";"2024-12-31T13:55:00.000Z";"2024-12-31T01:34:00.000Z";"2781";0.3511359114;0.3575715192;0.3494763128;0.3519275023;0;0;"2024-12-31T23:59:59.999Z"
"2024-12-30T00:00:00.000Z";"2024-12-30T23:59:59.999Z";"2024-12-30T20:29:00.000Z";"2024-12-30T15:27:00.000Z";"2781";0.3527455709;0.3557311526;0.3481275725;0.3511359114;0;0;"2024-12-30T23:59:59.999Z"
"2024-12-29T00:00:00.000Z";"2024-12-29T23:59:59.999Z";"2024-12-29T08:09:00.000Z";"2024-12-29T22:30:00.000Z";"2781";0.3559452234;0.3559743701;0.3509800676;0.3527455709;0;0;"2024-12-29T23:59:59.999Z"
"2024-12-28T00:00:00.000Z";"2024-12-28T23:59:59.999Z";"2024-12-28T03:10:00.000Z";"2024-12-28T23:45:00.000Z";"2781";0.4196655894;0.419684742;0.3556022708;0.3559452234;0;0;"2024-12-28T23:59:59.999Z"
"2024-12-27T00:00:00.000Z";"2024-12-27T23:59:59.999Z";"2024-12-27T23:59:00.000Z";"2024-12-27T17:31:00.000Z";"2781";0.3454114997;0.4196655894;0.3411753986;0.4196655894;0.05;0;"2024-12-27T23:59:59.999Z"
"2024-12-26T00:00:00.000Z";"2024-12-26T23:59:59.999Z";"2024-12-26T18:07:00.000Z";"2024-12-26T23:18:00.000Z";"2781";0.4167534593;0.4298044374;0.344583813;0.3454114997;0;0;"2024-12-26T23:59:59.999Z"
"2024-12-25T00:00:00.000Z";"2024-12-25T23:59:59.999Z";"2024-12-25T21:05:00.000Z";"2024-12-25T02:16:00.000Z";"2781";0.410349527;0.4876166851;0.4079863338;0.4167534593;99.11;0;"2024-12-25T23:59:59.999Z"
"2024-12-24T00:00:00.000Z";"2024-12-24T23:59:59.999Z";"2024-12-24T18:20:00.000Z";"2024-12-24T03:19:00.000Z";"2781";0.4012037066;0.4119751447;0.3987655144;0.410349527;0;0;"2024-12-24T23:59:59.999Z"
"2024-12-23T00:00:00.000Z";"2024-12-23T23:59:59.999Z";"2024-12-23T23:12:00.000Z";"2024-12-23T18:56:00.000Z";"2781";0.3990319025;0.4032314562;0.3951644432;0.4012037066;0;0;"2024-12-23T23:59:59.999Z"
"2024-12-22T00:00:00.000Z";"2024-12-22T23:59:59.999Z";"2024-12-22T10:44:00.000Z";"2024-12-22T22:10:00.000Z";"2781";0.4043354173;0.405501568;0.3968395093;0.3990319025;0;0;"2024-12-22T23:59:59.999Z"
"2024-12-21T00:00:00.000Z";"2024-12-21T23:59:59.999Z";"2024-12-21T07:46:00.000Z";"2024-12-21T22:15:00.000Z";"2781";0.4080780212;0.4130798122;0.4026697969;0.4043354173;0;0;"2024-12-21T23:59:59.999Z"
"2024-12-20T00:00:00.000Z";"2024-12-20T23:59:59.999Z";"2024-12-20T07:37:00.000Z";"2024-12-20T12:16:00.000Z";"2781";0.5206717119;0.5227153271;0.3910085903;0.4080780212;0;0;"2024-12-20T23:59:59.999Z"
"2024-12-19T00:00:00.000Z";"2024-12-19T23:59:59.999Z";"2024-12-19T10:53:00.000Z";"2024-12-19T02:22:00.000Z";"2781";0.4053307934;0.5468573196;0.4013171125;0.5206717119;0.21;0;"2024-12-19T23:59:59.999Z"
"2024-12-18T00:00:00.000Z";"2024-12-18T23:59:59.999Z";"2024-12-18T00:21:00.000Z";"2024-12-18T23:51:00.000Z";"2781";0.5304324644;0.5323780468;0.4049516692;0.4053307934;0;0;"2024-12-18T23:59:59.999Z"
"2024-12-17T00:00:00.000Z";"2024-12-17T23:59:59.999Z";"2024-12-17T15:14:00.000Z";"2024-12-17T00:01:00.000Z";"2781";0.5131282893;0.5401357818;0.5131282893;0.5304324644;16.13;0;"2024-12-17T23:59:59.999Z"
"2024-12-16T00:00:00.000Z";"2024-12-16T23:59:59.999Z";"2024-12-16T23:58:00.000Z";"2024-12-16T13:12:00.000Z";"2781";0.4094431477;0.5131282893;0.4054001619;0.5131282893;0.16;0;"2024-12-16T23:59:59.999Z"
"2024-12-15T00:00:00.000Z";"2024-12-15T23:59:59.999Z";"2024-12-15T01:42:00.000Z";"2024-12-15T07:46:00.000Z";"2781";0.5067915894;0.5084093113;0.4011032146;0.4094431477;0;0;"2024-12-15T23:59:59.999Z"
"2024-12-14T00:00:00.000Z";"2024-12-14T23:59:59.999Z";"2024-12-14T01:33:00.000Z";"2024-12-14T20:59:00.000Z";"2781";0.5065356654;0.5128959976;0.5032682052;0.5067915894;0.11;0;"2024-12-14T23:59:59.999Z"
"2024-12-13T00:00:00.000Z";"2024-12-13T23:59:59.999Z";"2024-12-13T20:48:00.000Z";"2024-12-13T01:56:00.000Z";"2781";0.3997808052;0.5091948379;0.3982515677;0.5065356654;0.26;0;"2024-12-13T23:59:59.999Z"
"2024-12-12T00:00:00.000Z";"2024-12-12T23:59:59.999Z";"2024-12-12T03:35:00.000Z";"2024-12-12T22:26:00.000Z";"2781";0.5057440888;0.5079125283;0.3982514617;0.3997808052;0;0;"2024-12-12T23:59:59.999Z"
"2024-12-11T00:00:00.000Z";"2024-12-11T23:59:59.999Z";"2024-12-11T22:13:00.000Z";"2024-12-11T02:04:00.000Z";"2781";0.388799452;0.5094777512;0.3860503643;0.5057440888;0.26;0;"2024-12-11T23:59:59.999Z"
"2024-12-10T00:00:00.000Z";"2024-12-10T23:59:59.999Z";"2024-12-10T15:15:00.000Z";"2024-12-10T18:17:00.000Z";"2781";0.487579146;0.4905631657;0.3830124593;0.388799452;0;0;"2024-12-10T23:59:59.999Z"
"2024-12-09T00:00:00.000Z";"2024-12-09T23:59:59.999Z";"2024-12-09T23:13:00.000Z";"2024-12-09T11:52:00.000Z";"2781";0.4737356953;0.4876583822;0.4663955072;0.487579146;44.12;0;"2024-12-09T23:59:59.999Z"
"2024-12-08T00:00:00.000Z";"2024-12-08T23:59:59.999Z";"2024-12-08T13:51:00.000Z";"2024-12-08T09:56:00.000Z";"2781";0.3961819348;0.5740308416;0.3933308418;0.4737356953;227.21;0;"2024-12-08T23:59:59.999Z"
"2024-12-07T00:00:00.000Z";"2024-12-07T23:59:59.999Z";"2024-12-07T01:05:00.000Z";"2024-12-07T14:19:00.000Z";"2781";0.4997667461;0.5026685489;0.3947831216;0.3961819348;0;0;"2024-12-07T23:59:59.999Z"
"2024-12-06T00:00:00.000Z";"2024-12-06T23:59:59.999Z";"2024-12-06T20:48:00.000Z";"2024-12-06T00:14:00.000Z";"2781";0.4556021403;0.5060692795;0.4546320392;0.4997667461;3.55;0;"2024-12-06T23:59:59.999Z"
"2024-12-05T00:00:00.000Z";"2024-12-05T23:59:59.999Z";"2024-12-05T15:21:00.000Z";"2024-12-05T01:17:00.000Z";"2781";0.3979810858;0.5140766663;0.3954983021;0.4970650917;2.03;0;"2024-12-05T23:59:59.999Z"
"2024-12-04T00:00:00.000Z";"2024-12-04T23:59:59.999Z";"2024-12-04T06:43:00.000Z";"2024-12-04T13:57:00.000Z";"2781";0.4319206322;0.4351688619;0.3895320254;0.3979810858;0;0;"2024-12-04T23:59:59.999Z"
"2024-12-03T00:00:00.000Z";"2024-12-03T23:59:59.999Z";"2024-12-03T06:30:00.000Z";"2024-12-03T02:10:00.000Z";"2781";0.4049937664;0.6254163684;0.4008720004;0.4319206322;7.89;0;"2024-12-03T23:59:59.999Z"
"2024-12-02T00:00:00.000Z";"2024-12-02T23:59:59.999Z";"2024-12-02T01:39:00.000Z";"2024-12-02T18:02:00.000Z";"2781";0.4086125802;0.7719786418;0.3998598872;0.4049937664;487.82;0;"2024-12-02T23:59:59.999Z"
"2024-12-01T00:00:00.000Z";"2024-12-01T23:59:59.999Z";"2024-12-01T18:18:00.000Z";"2024-12-01T02:43:00.000Z";"2781";0.4050957222;0.6812213212;0.4026870794;0.4086125802;93.95;0;"2024-12-01T23:59:59.999Z"
"2024-11-30T00:00:00.000Z";"2024-11-30T23:59:59.999Z";"2024-11-30T13:19:00.000Z";"2024-11-30T01:28:00.000Z";"2781";0.3472359541;0.560947207;0.3459492559;0.4050957222;912;0;"2024-11-30T23:59:59.999Z"
"2024-11-29T00:00:00.000Z";"2024-11-29T23:59:59.999Z";"2024-11-29T15:22:00.000Z";"2024-11-29T01:16:00.000Z";"2781";0.3444320619;0.3501646252;0.3435704102;0.3472359541;0;0;"2024-11-29T23:59:59.999Z"
"2024-11-28T00:00:00.000Z";"2024-11-28T23:59:59.999Z";"2024-11-28T01:04:00.000Z";"2024-11-28T16:55:00.000Z";"2781";0.402973389;0.4057074952;0.3424142641;0.3444320619;0;0;"2024-11-28T23:59:59.999Z"
"2024-11-27T00:00:00.000Z";"2024-11-27T23:59:59.999Z";"2024-11-27T20:29:00.000Z";"2024-11-27T00:51:00.000Z";"2781";0.3952752206;0.4083822139;0.3951874319;0.402973389;0.21;0;"2024-11-27T23:59:59.999Z"
"2024-11-26T00:00:00.000Z";"2024-11-26T23:59:59.999Z";"2024-11-26T19:17:00.000Z";"2024-11-26T08:35:00.000Z";"2781";0.3066453703;0.3958629646;0.3046473158;0.3952752206;1.31;0;"2024-11-26T23:59:59.999Z"
"2024-11-25T00:00:00.000Z";"2024-11-25T23:59:59.999Z";"2024-11-25T00:58:00.000Z";"2024-11-25T22:45:00.000Z";"2781";0.3144450606;0.3149604778;0.3057878314;0.3066453703;0;0;"2024-11-25T23:59:59.999Z"
"2024-11-24T00:00:00.000Z";"2024-11-24T23:59:59.999Z";"2024-11-24T01:22:00.000Z";"2024-11-24T16:06:00.000Z";"2781";0.6351743479;0.6392433499;0.3076665216;0.3144450606;0.04;0;"2024-11-24T23:59:59.999Z"
"2024-11-23T00:00:00.000Z";"2024-11-23T23:59:59.999Z";"2024-11-23T22:06:00.000Z";"2024-11-23T20:08:00.000Z";"2781";0.4702699137;0.6375284059;0.3129494567;0.6351743479;5803.79;0;"2024-11-23T23:59:59.999Z"
"2024-11-22T00:00:00.000Z";"2024-11-22T23:59:59.999Z";"2024-11-22T07:42:00.000Z";"2024-11-22T15:04:00.000Z";"2781";0.4959240637;0.5008086359;0.4620338128;0.4702699137;5;0;"2024-11-22T23:59:59.999Z"
"2024-11-21T00:00:00.000Z";"2024-11-21T23:59:59.999Z";"2024-11-21T19:27:00.000Z";"2024-11-21T15:46:00.000Z";"2781";0.4742741489;0.4973970776;0.3639894799;0.4959240637;7131.81;0;"2024-11-21T23:59:59.999Z"
"2024-11-20T00:00:00.000Z";"2024-11-20T23:59:59.999Z";"2024-11-20T15:50:00.000Z";"2024-11-20T03:07:00.000Z";"2781";0.3587574203;0.4776382518;0.3569981383;0.4742741489;4581.15;0;"2024-11-20T23:59:59.999Z"
"2024-11-19T00:00:00.000Z";"2024-11-19T23:59:59.999Z";"2024-11-19T13:20:00.000Z";"2024-11-19T14:37:00.000Z";"2781";0.4657266207;0.476867141;0.356634972;0.3587574203;0;0;"2024-11-19T23:59:59.999Z"
"2024-11-18T00:00:00.000Z";"2024-11-18T23:59:59.999Z";"2024-11-18T15:59:00.000Z";"2024-11-18T14:05:00.000Z";"2781";0.4620925776;0.4753494858;0.4600918404;0.4657266207;0.61;0;"2024-11-18T23:59:59.999Z"
"2024-11-17T00:00:00.000Z";"2024-11-17T23:59:59.999Z";"2024-11-17T17:59:00.000Z";"2024-11-17T14:37:00.000Z";"2781";0.4001172987;0.6522167001;0.3587037036;0.4620925776;1.99;0;"2024-11-17T23:59:59.999Z"
"2024-11-16T00:00:00.000Z";"2024-11-16T23:59:59.999Z";"2024-11-16T21:51:00.000Z";"2024-11-16T00:22:00.000Z";"2781";0.3642062538;0.4002583059;0.3637111427;0.4001172987;3.52;0;"2024-11-16T23:59:59.999Z"
"2024-11-15T00:00:00.000Z";"2024-11-15T23:59:59.999Z";"2024-11-15T22:05:00.000Z";"2024-11-15T23:52:00.000Z";"2781";0.4373052061;0.4495589215;0.3639587766;0.3642062538;0;0;"2024-11-15T23:59:59.999Z"
"2024-11-14T00:00:00.000Z";"2024-11-14T23:59:59.999Z";"2024-11-14T23:11:00.000Z";"2024-11-14T23:21:00.000Z";"2781";0.5072892063;0.67242354;0.4363713184;0.4373052061;368.19;0;"2024-11-14T23:59:59.999Z"
"2024-11-13T00:00:00.000Z";"2024-11-13T23:59:59.999Z";"2024-11-13T16:28:00.000Z";"2024-11-13T10:46:00.000Z";"2781";0.4703539577;0.7176437515;0.4375295243;0.5072892063;2631.47;0;"2024-11-13T23:59:59.999Z"
"2024-11-12T00:00:00.000Z";"2024-11-12T23:59:59.999Z";"2024-11-12T06:58:00.000Z";"2024-11-12T14:36:00.000Z";"2781";0.4652246514;0.4714502867;0.4488002345;0.4703539577;6.54;0;"2024-11-12T23:59:59.999Z"
"2024-11-11T00:00:00.000Z";"2024-11-11T23:59:59.999Z";"2024-11-11T23:28:00.000Z";"2024-11-11T02:26:00.000Z";"2781";0.4131025198;0.4697592891;0.408262488;0.4652246514;1267.62;0;"2024-11-11T23:59:59.999Z"
"2024-11-10T00:00:00.000Z";"2024-11-10T23:59:59.999Z";"2024-11-10T00:55:00.000Z";"2024-11-10T02:12:00.000Z";"2781";0.4195369299;0.4208747021;0.3927093069;0.4131025198;3180.25;0;"2024-11-10T23:59:59.999Z"
"2024-11-09T00:00:00.000Z";"2024-11-09T23:59:59.999Z";"2024-11-09T23:49:00.000Z";"2024-11-09T02:25:00.000Z";"2781";0.3903802431;0.4206943069;0.3188766122;0.4195369299;38.2;0;"2024-11-09T23:59:59.999Z"
"2024-11-08T00:00:00.000Z";"2024-11-08T23:59:59.999Z";"2024-11-08T19:54:00.000Z";"2024-11-08T00:04:00.000Z";"2781";0.3169935888;0.3936624863;0.3169078039;0.3903802431;0.2;0;"2024-11-08T23:59:59.999Z"
"2024-11-07T00:00:00.000Z";"2024-11-07T23:59:59.999Z";"2024-11-07T17:29:00.000Z";"2024-11-07T22:34:00.000Z";"2781";0.3839270846;0.3889470442;0.3159036237;0.3169935888;0;0;"2024-11-07T23:59:59.999Z"
"2024-11-06T00:00:00.000Z";"2024-11-06T23:59:59.999Z";"2024-11-06T21:20:00.000Z";"2024-11-06T00:05:00.000Z";"2781";0.3541143315;0.3858941427;0.3540525648;0.3839270846;25.27;0;"2024-11-06T23:59:59.999Z"
"2024-11-05T00:00:00.000Z";"2024-11-05T23:59:59.999Z";"2024-11-05T14:54:00.000Z";"2024-11-05T22:30:00.000Z";"2781";0.3660859163;0.3726373669;0.3529496295;0.3541143315;133.77;0;"2024-11-05T23:59:59.999Z"
"2024-11-04T00:00:00.000Z";"2024-11-04T23:59:59.999Z";"2024-11-04T19:30:00.000Z";"2024-11-04T16:59:00.000Z";"2781";0.2952592396;0.3668994515;0.2924978253;0.3660859163;7.87;0;"2024-11-04T23:59:59.999Z"
"2024-11-03T00:00:00.000Z";"2024-11-03T23:59:59.999Z";"2024-11-03T15:06:00.000Z";"2024-11-03T23:27:00.000Z";"2781";0.3742731234;0.3761600633;0.2945991668;0.2952592396;0;0;"2024-11-03T23:59:59.999Z"
"2024-11-02T00:00:00.000Z";"2024-11-02T23:59:59.999Z";"2024-11-02T22:14:00.000Z";"2024-11-02T00:07:00.000Z";"2781";0.2838313874;0.3744276364;0.2836936484;0.3742731234;2.09;0;"2024-11-02T23:59:59.999Z"
"2024-11-01T00:00:00.000Z";"2024-11-01T23:59:59.999Z";"2024-11-01T13:44:00.000Z";"2024-11-01T21:40:00.000Z";"2781";0.3595279878;0.3619455374;0.2822067476;0.2838313874;0;0;"2024-11-01T23:59:59.999Z"
"2024-10-31T00:00:00.000Z";"2024-10-31T23:59:59.999Z";"2024-10-31T11:04:00.000Z";"2024-10-31T20:56:00.000Z";"2781";0.3697268664;0.3712657589;0.3564807665;0.3595279878;0.22;0;"2024-10-31T23:59:59.999Z"
"2024-10-30T00:00:00.000Z";"2024-10-30T23:59:59.999Z";"2024-10-30T23:27:00.000Z";"2024-10-30T13:46:00.000Z";"2781";0.351033;0.3713206336;0.3485051018;0.3697268664;9.61;0;"2024-10-30T23:59:59.999Z"
"2024-10-29T00:00:00.000Z";"2024-10-29T23:59:59.999Z";"2024-10-29T19:15:00.000Z";"2024-10-29T07:52:00.000Z";"2781";0.3493465022;0.3724760424;0.2863718435;0.351033;1742.58;0;"2024-10-29T23:59:59.999Z"
"2024-10-28T00:00:00.000Z";"2024-10-28T23:59:59.999Z";"2024-10-28T23:09:00.000Z";"2024-10-28T05:36:00.000Z";"2781";0.3420011;0.3497136922;0.3400029396;0.3493465022;318.22;0;"2024-10-28T23:59:59.999Z"
"2024-10-27T00:00:00.000Z";"2024-10-27T23:59:59.999Z";"2024-10-27T22:36:00.000Z";"2024-10-27T01:30:00.000Z";"2781";0.2855023341;0.3432058146;0.2849349473;0.3420011;0.42;0;"2024-10-27T23:59:59.999Z"
"2024-10-26T00:00:00.000Z";"2024-10-26T23:59:59.999Z";"2024-10-26T09:30:00.000Z";"2024-10-26T15:16:00.000Z";"2781";0.3657918439;0.3686528288;0.2842726156;0.2855023341;0;0;"2024-10-26T23:59:59.999Z"
"2024-10-25T00:00:00.000Z";"2024-10-25T23:59:59.999Z";"2024-10-25T15:15:00.000Z";"2024-10-25T08:25:00.000Z";"2781";0.34392941;0.3758353724;0.3389133324;0.3657918439;218.37;0;"2024-10-25T23:59:59.999Z"
"2024-10-24T00:00:00.000Z";"2024-10-24T23:59:59.999Z";"2024-10-24T21:31:00.000Z";"2024-10-24T00:28:00.000Z";"2781";0.3364468053;0.3468822837;0.335308122;0.34392941;4.75;0;"2024-10-24T23:59:59.999Z"
"2024-10-23T00:00:00.000Z";"2024-10-23T23:59:59.999Z";"2024-10-23T20:58:00.000Z";"2024-10-23T16:36:00.000Z";"2781";0.3338614795;0.335866692;0.2741436511;0.3355137877;0.07;0;"2024-10-23T23:59:59.999Z"
"2024-10-22T00:00:00.000Z";"2024-10-22T23:59:59.999Z";"2024-10-22T22:59:00.000Z";"2024-10-22T00:07:00.000Z";"2781";0.2750399842;0.3348998305;0.2749569552;0.3338614795;0.67;0;"2024-10-22T23:59:59.999Z"
"2024-10-21T00:00:00.000Z";"2024-10-21T23:59:59.999Z";"2024-10-21T00:28:00.000Z";"2024-10-21T23:56:00.000Z";"2781";0.3471609099;0.3497486229;0.2750201729;0.2750399842;0;0;"2024-10-21T23:59:59.999Z"
"2024-10-20T00:00:00.000Z";"2024-10-20T23:59:59.999Z";"2024-10-20T22:55:00.000Z";"2024-10-20T13:48:00.000Z";"2781";0.3433005929;0.3490356194;0.276405432;0.3471609099;0.04;0;"2024-10-20T23:59:59.999Z"
"2024-10-19T00:00:00.000Z";"2024-10-19T23:59:59.999Z";"2024-10-19T03:19:00.000Z";"2024-10-19T17:17:00.000Z";"2781";0.3582693354;0.3593309047;0.3415861376;0.3433005929;492.24;0;"2024-10-19T23:59:59.999Z"
"2024-10-18T00:00:00.000Z";"2024-10-18T23:59:59.999Z";"2024-10-18T19:14:00.000Z";"2024-10-18T00:56:00.000Z";"2781";0.3063590086;0.3608015;0.3059570136;0.3582693354;2.83;0;"2024-10-18T23:59:59.999Z"
"2024-10-17T00:00:00.000Z";"2024-10-17T23:59:59.999Z";"2024-10-17T00:41:00.000Z";"2024-10-17T21:07:00.000Z";"2781";0.4102522057;0.4116808095;0.3055203623;0.3063590086;0;0;"2024-10-17T23:59:59.999Z"
"2024-10-16T00:00:00.000Z";"2024-10-16T23:59:59.999Z";"2024-10-16T11:36:00.000Z";"2024-10-16T07:17:00.000Z";"2781";0.3517073961;0.4165291465;0.2936209108;0.4102522057;41.06;0;"2024-10-16T23:59:59.999Z"
"2024-10-15T00:00:00.000Z";"2024-10-15T23:59:59.999Z";"2024-10-15T14:05:00.000Z";"2024-10-15T15:14:00.000Z";"2781";0.3569079314;0.3596390618;0.3412200264;0.3517073961;0.29;0;"2024-10-15T23:59:59.999Z"
"2024-10-14T00:00:00.000Z";"2024-10-14T23:59:59.999Z";"2024-10-14T14:33:00.000Z";"2024-10-14T10:15:00.000Z";"2781";0.3475893078;0.3625509981;0.2979095043;0.3569079314;14.73;0;"2024-10-14T23:59:59.999Z"
"2024-10-13T00:00:00.000Z";"2024-10-13T23:59:59.999Z";"2024-10-13T22:12:00.000Z";"2024-10-13T03:54:00.000Z";"2781";0.2938360293;0.348241498;0.2924709595;0.3475893078;0.49;0;"2024-10-13T23:59:59.999Z"
"2024-10-12T00:00:00.000Z";"2024-10-12T23:59:59.999Z";"2024-10-12T15:19:00.000Z";"2024-10-12T00:01:00.000Z";"2781";0.2914891834;0.294360744;0.2914891834;0.2938360293;0;0;"2024-10-12T23:59:59.999Z"
"2024-10-11T00:00:00.000Z";"2024-10-11T23:59:59.999Z";"2024-10-11T19:16:00.000Z";"2024-10-11T01:37:00.000Z";"2781";0.2861392367;0.2938810769;0.2859522337;0.2914891834;0;0;"2024-10-11T23:59:59.999Z"
"2024-10-10T00:00:00.000Z";"2024-10-10T23:59:59.999Z";"2024-10-10T12:05:00.000Z";"2024-10-10T18:31:00.000Z";"2781";0.2866076223;0.2885516621;0.2828929617;0.2861392367;0;0;"2024-10-10T23:59:59.999Z"
"2024-10-09T00:00:00.000Z";"2024-10-09T23:59:59.999Z";"2024-10-09T05:59:00.000Z";"2024-10-09T21:07:00.000Z";"2781";0.346451277;0.3478926546;0.2861548395;0.2866076223;0;0;"2024-10-09T23:59:59.999Z"
"2024-10-08T00:00:00.000Z";"2024-10-08T23:59:59.999Z";"2024-10-08T08:43:00.000Z";"2024-10-08T07:23:00.000Z";"2781";0.3442326303;0.3627698714;0.3429718471;0.346451277;0.42;0;"2024-10-08T23:59:59.999Z"
"2024-10-07T00:00:00.000Z";"2024-10-07T23:59:59.999Z";"2024-10-07T02:24:00.000Z";"2024-10-07T11:09:00.000Z";"2781";0.4070989813;0.4142761433;0.3025667179;0.3442326303;0.07;0;"2024-10-07T23:59:59.999Z"
"2024-10-06T00:00:00.000Z";"2024-10-06T23:59:59.999Z";"2024-10-06T16:09:00.000Z";"2024-10-06T04:44:00.000Z";"2781";0.3029329726;0.407677892;0.3022637442;0.4070989813;1.28;0;"2024-10-06T23:59:59.999Z"
"2024-10-05T00:00:00.000Z";"2024-10-05T23:59:59.999Z";"2024-10-05T13:22:00.000Z";"2024-10-05T20:55:00.000Z";"2781";0.3028135834;0.3036931797;0.3016126029;0.3029329726;0;0;"2024-10-05T23:59:59.999Z"
"2024-10-04T00:00:00.000Z";"2024-10-04T23:59:59.999Z";"2024-10-04T06:28:00.000Z";"2024-10-04T14:36:00.000Z";"2781";0.3970905713;0.4045705228;0.2988321376;0.3028135834;0;0;"2024-10-04T23:59:59.999Z"
"2024-10-03T00:00:00.000Z";"2024-10-03T23:59:59.999Z";"2024-10-03T20:09:00.000Z";"2024-10-03T01:51:00.000Z";"2781";0.3448461707;0.3990385876;0.3412039789;0.3970905713;0.61;0;"2024-10-03T23:59:59.999Z"
"2024-10-02T00:00:00.000Z";"2024-10-02T23:59:59.999Z";"2024-10-02T03:48:00.000Z";"2024-10-02T12:20:00.000Z";"2781";0.3556607104;0.3606186468;0.3136892039;0.3448461707;665.92;0;"2024-10-02T23:59:59.999Z"
"2024-10-01T00:00:00.000Z";"2024-10-01T23:59:59.999Z";"2024-10-01T09:19:00.000Z";"2024-10-01T00:26:00.000Z";"2781";0.3064823246;0.4325204898;0.3060691296;0.3556607104;0.72;0;"2024-10-01T23:59:59.999Z"
"2024-09-30T00:00:00.000Z";"2024-09-30T23:59:59.999Z";"2024-09-30T00:00:00.000Z";"2024-09-30T18:25:00.000Z";"2781";0.3126916988;0.3126916988;0.3059518598;0.3064823246;0;0;"2024-09-30T23:59:59.999Z"
"2024-09-29T00:00:00.000Z";"2024-09-29T23:59:59.999Z";"2024-09-29T00:33:00.000Z";"2024-09-29T07:58:00.000Z";"2781";0.3136657839;0.3137589087;0.3119152458;0.3126916988;0;0;"2024-09-29T23:59:59.999Z"
"2024-09-28T00:00:00.000Z";"2024-09-28T23:59:59.999Z";"2024-09-28T03:16:00.000Z";"2024-09-28T13:20:00.000Z";"2781";0.3137355924;0.3147016816;0.3122544652;0.3136657839;0;0;"2024-09-28T23:59:59.999Z"
"2024-09-27T00:00:00.000Z";"2024-09-27T23:59:59.999Z";"2024-09-27T14:47:00.000Z";"2024-09-27T23:51:00.000Z";"2781";0.3835574862;0.3855559562;0.3136516309;0.3137355924;0;0;"2024-09-27T23:59:59.999Z"
"2024-09-26T00:00:00.000Z";"2024-09-26T23:59:59.999Z";"2024-09-26T03:54:00.000Z";"2024-09-26T01:46:00.000Z";"2781";0.3280433228;0.508066069;0.3266171741;0.3835574862;2096.12;0;"2024-09-26T23:59:59.999Z"
"2024-09-25T00:00:00.000Z";"2024-09-25T23:59:59.999Z";"2024-09-25T03:14:00.000Z";"2024-09-25T23:37:00.000Z";"2781";0.3888527835;0.3890368382;0.3274309066;0.3280433228;0;0;"2024-09-25T23:59:59.999Z"
"2024-09-24T00:00:00.000Z";"2024-09-24T23:59:59.999Z";"2024-09-24T23:03:00.000Z";"2024-09-24T02:20:00.000Z";"2781";0.3903621806;0.4368706123;0.3886225671;0.3888527835;0.39;0;"2024-09-24T23:59:59.999Z"
"2024-09-23T00:00:00.000Z";"2024-09-23T23:59:59.999Z";"2024-09-23T03:33:00.000Z";"2024-09-23T23:02:00.000Z";"2781";0.3893847656;0.3911061703;0.3603926746;0.3903621806;108.61;0;"2024-09-23T23:59:59.999Z"
"2024-09-22T00:00:00.000Z";"2024-09-22T23:59:59.999Z";"2024-09-22T23:46:00.000Z";"2024-09-22T22:07:00.000Z";"2781";0.2765270549;0.3895503316;0.2727311245;0.3893847656;96.7;0;"2024-09-22T23:59:59.999Z"
"2024-09-21T00:00:00.000Z";"2024-09-21T23:59:59.999Z";"2024-09-21T16:14:00.000Z";"2024-09-21T21:56:00.000Z";"2781";0.2801497348;0.3298936058;0.2747249126;0.2765270549;0;0;"2024-09-21T23:59:59.999Z"
"2024-09-20T00:00:00.000Z";"2024-09-20T23:59:59.999Z";"2024-09-20T14:07:00.000Z";"2024-09-20T18:11:00.000Z";"2781";0.426894417;0.4339888911;0.2800820977;0.2801497348;3297.28;0;"2024-09-20T23:59:59.999Z"
"2024-09-19T00:00:00.000Z";"2024-09-19T23:59:59.999Z";"2024-09-19T23:50:00.000Z";"2024-09-19T13:55:00.000Z";"2781";0.3938477161;0.4272399275;0.3798278143;0.426894417;0.59;0;"2024-09-19T23:59:59.999Z"
"2024-09-18T00:00:00.000Z";"2024-09-18T23:59:59.999Z";"2024-09-18T23:58:00.000Z";"2024-09-18T16:09:00.000Z";"2781";0.3880334881;0.3938477161;0.306033849;0.3938477161;106.4;0;"2024-09-18T23:59:59.999Z"
"2024-09-17T00:00:00.000Z";"2024-09-17T23:59:59.999Z";"2024-09-17T15:22:00.000Z";"2024-09-17T01:03:00.000Z";"2781";0.3725621287;0.3917191373;0.3690358578;0.3880334881;131.69;0;"2024-09-17T23:59:59.999Z"
"2024-09-16T00:00:00.000Z";"2024-09-16T23:59:59.999Z";"2024-09-16T00:01:00.000Z";"2024-09-16T17:37:00.000Z";"2781";0.3788395973;0.3788395973;0.3684547975;0.3725621287;8.72;0;"2024-09-16T23:59:59.999Z"
"2024-09-15T00:00:00.000Z";"2024-09-15T23:59:59.999Z";"2024-09-15T15:48:00.000Z";"2024-09-15T23:16:00.000Z";"2781";0.3836203868;0.3848270671;0.3762978436;0.3788395973;7.24;0;"2024-09-15T23:59:59.999Z"
"2024-09-14T00:00:00.000Z";"2024-09-14T23:59:59.999Z";"2024-09-14T00:25:00.000Z";"2024-09-14T18:13:00.000Z";"2781";0.3887929892;0.388914303;0.3086079785;0.3836203868;69.68;0;"2024-09-14T23:59:59.999Z"
"2024-09-13T00:00:00.000Z";"2024-09-13T23:59:59.999Z";"2024-09-13T23:55:00.000Z";"2024-09-13T13:39:00.000Z";"2781";0.3777088004;0.3887929892;0.3017584012;0.3887929892;40.67;0;"2024-09-13T23:59:59.999Z"
"2024-09-12T00:00:00.000Z";"2024-09-12T23:59:59.999Z";"2024-09-12T18:47:00.000Z";"2024-09-12T00:04:00.000Z";"2781";0.3062607163;0.3787149911;0.306027952;0.3777088004;107.5;0;"2024-09-12T23:59:59.999Z"
"2024-09-11T00:00:00.000Z";"2024-09-11T23:59:59.999Z";"2024-09-11T00:51:00.000Z";"2024-09-11T14:52:00.000Z";"2781";0.4022170771;0.4025164762;0.3007333253;0.3062607163;0;0;"2024-09-11T23:59:59.999Z"
"2024-09-10T00:00:00.000Z";"2024-09-10T23:59:59.999Z";"2024-09-10T20:04:00.000Z";"2024-09-10T04:41:00.000Z";"2781";0.3058770315;0.4046655338;0.3038056864;0.4022170771;111.88;0;"2024-09-10T23:59:59.999Z"
"2024-09-09T00:00:00.000Z";"2024-09-09T23:59:59.999Z";"2024-09-09T08:35:00.000Z";"2024-09-09T14:42:00.000Z";"2781";0.3835304396;0.3871972363;0.2989340451;0.3058770315;0;0;"2024-09-09T23:59:59.999Z"
"2024-09-08T00:00:00.000Z";"2024-09-08T23:59:59.999Z";"2024-09-08T22:34:00.000Z";"2024-09-08T00:49:00.000Z";"2781";0.3536547725;0.3866097443;0.3529166925;0.3835304396;0.39;0;"2024-09-08T23:59:59.999Z"
"2024-09-07T00:00:00.000Z";"2024-09-07T23:59:59.999Z";"2024-09-07T21:31:00.000Z";"2024-09-07T21:13:00.000Z";"2781";0.3714596586;0.3812817734;0.2967106929;0.3536547725;117.99;0;"2024-09-07T23:59:59.999Z"
"2024-09-06T00:00:00.000Z";"2024-09-06T23:59:59.999Z";"2024-09-06T15:05:00.000Z";"2024-09-06T14:56:00.000Z";"2781";0.3003724573;0.3774146634;0.2961698245;0.3714596586;212.97;0;"2024-09-06T23:59:59.999Z"
"2024-09-05T00:00:00.000Z";"2024-09-05T23:59:59.999Z";"2024-09-05T00:27:00.000Z";"2024-09-05T21:40:00.000Z";"2781";0.3769318716;0.3779881527;0.2991870539;0.3003724573;0;0;"2024-09-05T23:59:59.999Z"
"2024-09-04T00:00:00.000Z";"2024-09-04T23:59:59.999Z";"2024-09-04T16:40:00.000Z";"2024-09-04T01:15:00.000Z";"2781";0.3736338135;0.3804017102;0.3636665244;0.3769318716;0.08;0;"2024-09-04T23:59:59.999Z"
"2024-09-03T00:00:00.000Z";"2024-09-03T23:59:59.999Z";"2024-09-03T02:19:00.000Z";"2024-09-03T23:58:00.000Z";"2781";0.3836402483;0.3855408921;0.3736338135;0.3736338135;0.34;0;"2024-09-03T23:59:59.999Z"
"2024-09-02T00:00:00.000Z";"2024-09-02T23:59:59.999Z";"2024-09-02T06:07:00.000Z";"2024-09-02T08:10:00.000Z";"2781";0.3982092711;0.4018971679;0.37265149;0.3836402483;3978.66;0;"2024-09-02T23:59:59.999Z"
"2024-09-01T00:00:00.000Z";"2024-09-01T23:59:59.999Z";"2024-09-01T22:53:00.000Z";"2024-09-01T14:18:00.000Z";"2781";0.3210602407;0.4011458871;0.3164626521;0.3982092711;2657.68;0;"2024-09-01T23:59:59.999Z"
"2024-08-31T00:00:00.000Z";"2024-08-31T23:59:59.999Z";"2024-08-31T00:39:00.000Z";"2024-08-31T20:09:00.000Z";"2781";0.3442967934;0.3449368925;0.320345448;0.3210602407;0;0;"2024-08-31T23:59:59.999Z"
"2024-08-30T00:00:00.000Z";"2024-08-30T23:59:59.999Z";"2024-08-30T09:58:00.000Z";"2024-08-30T16:37:00.000Z";"2781";0.4226798455;0.4235346176;0.3410115348;0.3442967934;0.14;0;"2024-08-30T23:59:59.999Z"
"2024-08-29T00:00:00.000Z";"2024-08-29T23:59:59.999Z";"2024-08-29T15:39:00.000Z";"2024-08-29T06:37:00.000Z";"2781";0.4184346862;0.4305143441;0.4183711327;0.4226798455;0;0;"2024-08-29T23:59:59.999Z"
"2024-08-28T00:00:00.000Z";"2024-08-28T23:59:59.999Z";"2024-08-28T04:22:00.000Z";"2024-08-28T10:06:00.000Z";"2781";0.4301573471;0.4319838921;0.4183456094;0.4184346862;801.37;0;"2024-08-28T23:59:59.999Z"
"2024-08-27T00:00:00.000Z";"2024-08-27T23:59:59.999Z";"2024-08-27T05:53:00.000Z";"2024-08-27T22:16:00.000Z";"2781";0.4507306433;0.4524157868;0.4252449008;0.4301573471;0;0;"2024-08-27T23:59:59.999Z"
"2024-08-26T00:00:00.000Z";"2024-08-26T23:59:59.999Z";"2024-08-26T00:11:00.000Z";"2024-08-26T21:25:00.000Z";"2781";0.4579611741;0.4588892789;0.4502336132;0.4507306433;0;0;"2024-08-26T23:59:59.999Z"
"2024-08-25T00:00:00.000Z";"2024-08-25T23:59:59.999Z";"2024-08-25T23:19:00.000Z";"2024-08-25T03:46:00.000Z";"2781";0.452750739;0.4609853572;0.4523102237;0.4579611741;0;0;"2024-08-25T23:59:59.999Z"
"2024-08-24T00:00:00.000Z";"2024-08-24T23:59:59.999Z";"2024-08-24T09:01:00.000Z";"2024-08-24T01:52:00.000Z";"2781";0.4488551126;0.4538751275;0.447444755;0.452750739;103.36;0;"2024-08-24T23:59:59.999Z"
"2024-08-23T00:00:00.000Z";"2024-08-23T23:59:59.999Z";"2024-08-23T22:38:00.000Z";"2024-08-23T00:07:00.000Z";"2781";0.427387644;0.4515652127;0.4273242649;0.4488551126;260.51;0;"2024-08-23T23:59:59.999Z"
"2024-08-22T00:00:00.000Z";"2024-08-22T23:59:59.999Z";"2024-08-22T21:02:00.000Z";"2024-08-22T23:16:00.000Z";"2781";0.4365732698;0.4383914014;0.4271213777;0.427387644;79.06;0;"2024-08-22T23:59:59.999Z"
"2024-08-21T00:00:00.000Z";"2024-08-21T23:59:59.999Z";"2024-08-21T02:55:00.000Z";"2024-08-21T10:37:00.000Z";"2781";0.4789793393;0.4815295799;0.4183814273;0.4365732698;112.42;0;"2024-08-21T23:59:59.999Z"
"2024-08-20T00:00:00.000Z";"2024-08-20T23:59:59.999Z";"2024-08-20T03:07:00.000Z";"2024-08-20T00:17:00.000Z";"2781";0.4259473042;0.5334118256;0.4251517123;0.4789793393;1559.68;0;"2024-08-20T23:59:59.999Z"
"2024-08-19T00:00:00.000Z";"2024-08-19T23:59:59.999Z";"2024-08-19T23:58:00.000Z";"2024-08-19T10:08:00.000Z";"2781";0.4112843787;0.4259473042;0.4088907518;0.4259473042;0;0;"2024-08-19T23:59:59.999Z"
"2024-08-18T00:00:00.000Z";"2024-08-18T23:59:59.999Z";"2024-08-18T13:18:00.000Z";"2024-08-18T23:57:00.000Z";"2781";0.4132830067;0.4196655994;0.411246999;0.4112843787;151.62;0;"2024-08-18T23:59:59.999Z"
"2024-08-17T00:00:00.000Z";"2024-08-17T23:59:59.999Z";"2024-08-17T17:09:00.000Z";"2024-08-17T00:23:00.000Z";"2781";0.3961674527;0.414446307;0.3957937297;0.4132830067;0;0;"2024-08-17T23:59:59.999Z"
"2024-08-16T00:00:00.000Z";"2024-08-16T23:59:59.999Z";"2024-08-16T16:36:00.000Z";"2024-08-16T01:23:00.000Z";"2781";0.390418817;0.4099079359;0.3891560421;0.3961674527;0.08;0;"2024-08-16T23:59:59.999Z"
"2024-08-15T00:00:00.000Z";"2024-08-15T23:59:59.999Z";"2024-08-15T00:00:00.000Z";"2024-08-15T20:58:00.000Z";"2781";0.4422212781;0.4422212781;0.3873826116;0.390418817;279.18;0;"2024-08-15T23:59:59.999Z"
"2024-08-14T00:00:00.000Z";"2024-08-14T23:59:59.999Z";"2024-08-14T15:56:00.000Z";"2024-08-14T14:16:00.000Z";"2781";0.4088728669;0.4516027318;0.4032235893;0.4422212781;63.82;0;"2024-08-14T23:59:59.999Z"
"2024-08-13T00:00:00.000Z";"2024-08-13T23:59:59.999Z";"2024-08-13T22:49:00.000Z";"2024-08-13T23:47:00.000Z";"2781";0.4247445911;0.4417027821;0.4083838664;0.4088728669;1.78;0;"2024-08-13T23:59:59.999Z"
"2024-08-12T00:00:00.000Z";"2024-08-12T23:59:59.999Z";"2024-08-12T15:08:00.000Z";"2024-08-12T23:21:00.000Z";"2781";0.4297686047;0.4427501162;0.4245211822;0.4247445911;4.26;0;"2024-08-12T23:59:59.999Z"
"2024-08-11T00:00:00.000Z";"2024-08-11T23:59:59.999Z";"2024-08-11T09:28:00.000Z";"2024-08-11T23:19:00.000Z";"2781";0.4322005094;0.433032691;0.4297025358;0.4297686047;0;0;"2024-08-11T23:59:59.999Z"
"2024-08-10T00:00:00.000Z";"2024-08-10T23:59:59.999Z";"2024-08-10T21:22:00.000Z";"2024-08-10T23:26:00.000Z";"2781";0.4393184047;0.4456693178;0.432122677;0.4322005094;81.45;0;"2024-08-10T23:59:59.999Z"
"2024-08-09T00:00:00.000Z";"2024-08-09T23:59:59.999Z";"2024-08-09T00:00:00.000Z";"2024-08-09T18:28:00.000Z";"2781";0.4501373767;0.4501373767;0.4321178726;0.4393184047;0.14;0;"2024-08-09T23:59:59.999Z"
"2024-08-08T00:00:00.000Z";"2024-08-08T23:59:59.999Z";"2024-08-08T22:59:00.000Z";"2024-08-08T00:40:00.000Z";"2781";0.4181635269;0.4524212591;0.4173075831;0.4501373767;58.08;0;"2024-08-08T23:59:59.999Z"
"2024-08-07T00:00:00.000Z";"2024-08-07T23:59:59.999Z";"2024-08-07T06:25:00.000Z";"2024-08-07T22:29:00.000Z";"2781";0.4353665358;0.4390786867;0.4161340691;0.4181635269;0;0;"2024-08-07T23:59:59.999Z"
"2024-08-06T00:00:00.000Z";"2024-08-06T23:59:59.999Z";"2024-08-06T18:20:00.000Z";"2024-08-06T00:01:00.000Z";"2781";0.4110794402;0.437347675;0.4110794402;0.4353665358;175.46;0;"2024-08-06T23:59:59.999Z"
"2024-08-05T00:00:00.000Z";"2024-08-05T23:59:59.999Z";"2024-08-05T00:07:00.000Z";"2024-08-05T06:30:00.000Z";"2781";0.4502446381;0.4516568663;0.3828178125;0.4110794402;2159.5;0;"2024-08-05T23:59:59.999Z"
"2024-08-04T00:00:00.000Z";"2024-08-04T23:59:59.999Z";"2024-08-04T02:42:00.000Z";"2024-08-04T23:59:00.000Z";"2781";0.4933851075;0.4951445211;0.4502446381;0.4502446381;2406.74;0;"2024-08-04T23:59:59.999Z"
"2024-08-03T00:00:00.000Z";"2024-08-03T23:59:59.999Z";"2024-08-03T00:27:00.000Z";"2024-08-03T21:11:00.000Z";"2781";0.5074765105;0.5085193745;0.4904343327;0.4933851075;164.6;0;"2024-08-03T23:59:59.999Z"
"2024-08-02T00:00:00.000Z";"2024-08-02T23:59:59.999Z";"2024-08-02T00:22:00.000Z";"2024-08-02T21:17:00.000Z";"2781";0.5348956525;0.5358823719;0.5065731423;0.5074765105;239.75;0;"2024-08-02T23:59:59.999Z"
"2024-08-01T00:00:00.000Z";"2024-08-01T23:59:59.999Z";"2024-08-01T00:40:00.000Z";"2024-08-01T18:49:00.000Z";"2781";0.5470700369;0.5475527339;0.5244084288;0.5348956525;321.7;0;"2024-08-01T23:59:59.999Z"
"2024-07-31T00:00:00.000Z";"2024-07-31T23:59:59.999Z";"2024-07-31T13:44:00.000Z";"2024-07-31T20:38:00.000Z";"2781";0.5485738105;0.5538751819;0.5415620306;0.5470700369;105.7;0;"2024-07-31T23:59:59.999Z"
"2024-07-30T00:00:00.000Z";"2024-07-30T23:59:59.999Z";"2024-07-30T08:24:00.000Z";"2024-07-30T02:34:00.000Z";"2781";0.5407611555;0.55482071;0.5354749099;0.5485738105;0;0;"2024-07-30T23:59:59.999Z"
"2024-07-29T00:00:00.000Z";"2024-07-29T23:59:59.999Z";"2024-07-29T13:10:00.000Z";"2024-07-29T23:24:00.000Z";"2781";0.548007813;0.5606935271;0.5395593924;0.5407611555;24.39;0;"2024-07-29T23:59:59.999Z"
"2024-07-28T00:00:00.000Z";"2024-07-28T23:59:59.999Z";"2024-07-28T18:38:00.000Z";"2024-07-28T05:13:00.000Z";"2781";0.5458466956;0.5485381707;0.5412505365;0.548007813;0;0;"2024-07-28T23:59:59.999Z"
"2024-07-27T00:00:00.000Z";"2024-07-27T23:59:59.999Z";"2024-07-27T14:07:00.000Z";"2024-07-27T20:45:00.000Z";"2781";0.5431369735;0.5509767042;0.5384386267;0.5458466956;0;0;"2024-07-27T23:59:59.999Z"
"2024-07-26T00:00:00.000Z";"2024-07-26T23:59:59.999Z";"2024-07-26T21:52:00.000Z";"2024-07-26T00:01:00.000Z";"2781";0.5258385499;0.5521631798;0.5258385499;0.5431369735;571.21;0;"2024-07-26T23:59:59.999Z"
"2024-07-25T00:00:00.000Z";"2024-07-25T23:59:59.999Z";"2024-07-25T01:08:00.000Z";"2024-07-25T14:13:00.000Z";"2781";0.53131921;0.531443027;0.5092101092;0.5258385499;897.97;0;"2024-07-25T23:59:59.999Z"
"2024-07-24T00:00:00.000Z";"2024-07-24T23:59:59.999Z";"2024-07-24T21:05:00.000Z";"2024-07-24T02:22:00.000Z";"2781";0.4383699599;0.5318000628;0.4360944973;0.53131921;71.97;0;"2024-07-24T23:59:59.999Z"
"2024-07-23T00:00:00.000Z";"2024-07-23T23:59:59.999Z";"2024-07-23T00:19:00.000Z";"2024-07-23T22:33:00.000Z";"2781";0.5542954007;0.5551220484;0.4377056545;0.4383699599;0;0;"2024-07-23T23:59:59.999Z"
"2024-07-22T00:00:00.000Z";"2024-07-22T23:59:59.999Z";"2024-07-22T20:14:00.000Z";"2024-07-22T15:01:00.000Z";"2781";0.5576273544;0.5604787622;0.5508744672;0.5542954007;206.46;0;"2024-07-22T23:59:59.999Z"
"2024-07-21T00:00:00.000Z";"2024-07-21T23:59:59.999Z";"2024-07-21T23:12:00.000Z";"2024-07-21T18:15:00.000Z";"2781";0.5479558697;0.5602975701;0.5403960391;0.5576273544;68.19;0;"2024-07-21T23:59:59.999Z"
"2024-07-20T00:00:00.000Z";"2024-07-20T23:59:59.999Z";"2024-07-20T16:41:00.000Z";"2024-07-20T22:46:00.000Z";"2781";0.5490784237;0.5506564618;0.5430915701;0.5479558697;271.18;0;"2024-07-20T23:59:59.999Z"
"2024-07-19T00:00:00.000Z";"2024-07-19T23:59:59.999Z";"2024-07-19T19:58:00.000Z";"2024-07-19T01:22:00.000Z";"2781";0.4342608724;0.5503600332;0.431760234;0.5490784237;35.92;0;"2024-07-19T23:59:59.999Z"
"2024-07-18T00:00:00.000Z";"2024-07-18T23:59:59.999Z";"2024-07-18T01:07:00.000Z";"2024-07-18T19:25:00.000Z";"2781";0.5434127773;0.544622528;0.4315472598;0.4342608724;0;0;"2024-07-18T23:59:59.999Z"
"2024-07-17T00:00:00.000Z";"2024-07-17T23:59:59.999Z";"2024-07-17T01:43:00.000Z";"2024-07-17T00:04:00.000Z";"2781";0.5418386546;0.5495604859;0.5416044805;0.5434127773;38.96;0;"2024-07-17T23:59:59.999Z"
"2024-07-16T00:00:00.000Z";"2024-07-16T23:59:59.999Z";"2024-07-16T23:31:00.000Z";"2024-07-16T08:37:00.000Z";"2781";0.5417646583;0.5430888576;0.5335860216;0.5418386546;415;0;"2024-07-16T23:59:59.999Z"
"2024-07-15T00:00:00.000Z";"2024-07-15T23:59:59.999Z";"2024-07-15T19:28:00.000Z";"2024-07-15T00:19:00.000Z";"2781";0.5132765208;0.5430916233;0.5129706003;0.5417646583;3268.68;0;"2024-07-15T23:59:59.999Z"
"2024-07-14T00:00:00.000Z";"2024-07-14T23:59:59.999Z";"2024-07-14T22:01:00.000Z";"2024-07-14T00:00:00.000Z";"2781";0.5001575789;0.5201918122;0.5001575789;0.5132765208;233.95;0;"2024-07-14T23:59:59.999Z"
"2024-07-13T00:00:00.000Z";"2024-07-13T23:59:59.999Z";"2024-07-13T23:16:00.000Z";"2024-07-13T12:55:00.000Z";"2781";0.493234813;0.5030214623;0.4931145248;0.5001575789;30.77;0;"2024-07-13T23:59:59.999Z"
"2024-07-12T00:00:00.000Z";"2024-07-12T23:59:59.999Z";"2024-07-12T09:37:00.000Z";"2024-07-12T23:22:00.000Z";"2781";0.5005201163;0.5010765421;0.4931876082;0.493234813;27.53;0;"2024-07-12T23:59:59.999Z"
"2024-07-11T00:00:00.000Z";"2024-07-11T23:59:59.999Z";"2024-07-11T19:43:00.000Z";"2024-07-11T22:10:00.000Z";"2781";0.494360761;0.5085932824;0.399631964;0.5005201163;14.82;0;"2024-07-11T23:59:59.999Z"
"2024-07-10T00:00:00.000Z";"2024-07-10T23:59:59.999Z";"2024-07-10T05:10:00.000Z";"2024-07-10T20:34:00.000Z";"2781";0.499513727;0.5090956517;0.4909742142;0.494360761;821.84;0;"2024-07-10T23:59:59.999Z"
"2024-07-09T00:00:00.000Z";"2024-07-09T23:59:59.999Z";"2024-07-09T08:46:00.000Z";"2024-07-09T23:16:00.000Z";"2781";0.5578528795;0.5690466187;0.4986126905;0.499513727;605.75;0;"2024-07-09T23:59:59.999Z"
"2024-07-08T00:00:00.000Z";"2024-07-08T23:59:59.999Z";"2024-07-08T22:28:00.000Z";"2024-07-08T23:01:00.000Z";"2781";0.5428695445;0.6184576404;0.4778251587;0.5578528795;8314.26;0;"2024-07-08T23:59:59.999Z"
"2024-07-07T00:00:00.000Z";"2024-07-07T23:59:59.999Z";"2024-07-07T10:34:00.000Z";"2024-07-07T07:37:00.000Z";"2781";0.488591356;0.5580319624;0.4840132434;0.5428695445;3181.8;0;"2024-07-07T23:59:59.999Z"
"2024-07-06T00:00:00.000Z";"2024-07-06T23:59:59.999Z";"2024-07-06T13:52:00.000Z";"2024-07-06T05:04:00.000Z";"2781";0.4429381182;0.5310675651;0.4376118846;0.488591356;1442.84;0;"2024-07-06T23:59:59.999Z"
"2024-07-05T00:00:00.000Z";"2024-07-05T23:59:59.999Z";"2024-07-05T01:10:00.000Z";"2024-07-05T09:16:00.000Z";"2781";0.5684626239;0.5705543334;0.4280669481;0.4429381182;6415.01;0;"2024-07-05T23:59:59.999Z"
"2024-07-04T00:00:00.000Z";"2024-07-04T23:59:59.999Z";"2024-07-04T22:10:00.000Z";"2024-07-04T07:31:00.000Z";"2781";0.5028551461;0.584130594;0.4737487564;0.5684626239;12077.71;0;"2024-07-04T23:59:59.999Z"
"2024-07-03T00:00:00.000Z";"2024-07-03T23:59:59.999Z";"2024-07-03T23:49:00.000Z";"2024-07-03T08:58:00.000Z";"2781";0.4713323677;0.5084956476;0.4609627298;0.5028551461;2367.46;0;"2024-07-03T23:59:59.999Z"
"2024-07-02T00:00:00.000Z";"2024-07-02T23:59:59.999Z";"2024-07-02T08:55:00.000Z";"2024-07-02T16:19:00.000Z";"2781";0.5078265167;0.50962895;0.469626157;0.4713323677;2843.03;0;"2024-07-02T23:59:59.999Z"
"2024-07-01T00:00:00.000Z";"2024-07-01T23:59:59.999Z";"2024-07-01T07:13:00.000Z";"2024-07-01T22:28:00.000Z";"2781";0.5127767866;0.5776840919;0.5077586404;0.5078265167;19.96;0;"2024-07-01T23:59:59.999Z"
"2024-06-30T00:00:00.000Z";"2024-06-30T23:59:59.999Z";"2024-06-30T20:37:00.000Z";"2024-06-30T05:25:00.000Z";"2781";0.4579617753;0.5597559421;0.4561750561;0.5127767866;12198.76;0;"2024-06-30T23:59:59.999Z"
"2024-06-29T00:00:00.000Z";"2024-06-29T23:59:59.999Z";"2024-06-29T00:40:00.000Z";"2024-06-29T10:22:00.000Z";"2781";0.4706968872;0.4711893758;0.4568279376;0.4579617753;2020.82;0;"2024-06-29T23:59:59.999Z"
"2024-06-28T00:00:00.000Z";"2024-06-28T23:59:59.999Z";"2024-06-28T02:04:00.000Z";"2024-06-28T20:01:00.000Z";"2781";0.4748000246;0.4785587153;0.4696493861;0.4706968872;12.57;0;"2024-06-28T23:59:59.999Z"
"2024-06-27T00:00:00.000Z";"2024-06-27T23:59:59.999Z";"2024-06-27T23:37:00.000Z";"2024-06-27T06:22:00.000Z";"2781";0.4624629509;0.4750379375;0.4613636515;0.4748000246;350.26;0;"2024-06-27T23:59:59.999Z"
"2024-06-26T00:00:00.000Z";"2024-06-26T23:59:59.999Z";"2024-06-26T02:19:00.000Z";"2024-06-26T20:28:00.000Z";"2781";0.4771574693;0.4784256958;0.4620503678;0.4624629509;0.28;0;"2024-06-26T23:59:59.999Z"
"2024-06-25T00:00:00.000Z";"2024-06-25T23:59:59.999Z";"2024-06-25T03:46:00.000Z";"2024-06-25T13:01:00.000Z";"2781";0.5310305467;0.5346704785;0.4724644601;0.4771574693;696.48;0;"2024-06-25T23:59:59.999Z"
"2024-06-24T00:00:00.000Z";"2024-06-24T23:59:59.999Z";"2024-06-24T23:46:00.000Z";"2024-06-24T16:40:00.000Z";"2781";0.5197637961;0.5311733988;0.4379667234;0.5310305467;134.59;0;"2024-06-24T23:59:59.999Z"
"2024-06-23T00:00:00.000Z";"2024-06-23T23:59:59.999Z";"2024-06-23T21:43:00.000Z";"2024-06-23T16:58:00.000Z";"2781";0.4826853562;0.5224364735;0.4007224065;0.5197637961;4337.03;0;"2024-06-23T23:59:59.999Z"
"2024-06-22T00:00:00.000Z";"2024-06-22T23:59:59.999Z";"2024-06-22T03:16:00.000Z";"2024-06-22T15:28:00.000Z";"2781";0.4953764237;0.4965934191;0.4814189708;0.4826853562;1524.24;0;"2024-06-22T23:59:59.999Z"
"2024-06-21T00:00:00.000Z";"2024-06-21T23:59:59.999Z";"2024-06-21T02:07:00.000Z";"2024-06-21T15:52:00.000Z";"2781";0.5688694725;0.569696261;0.4882374371;0.4953764237;2359.4;0;"2024-06-21T23:59:59.999Z"
"2024-06-20T00:00:00.000Z";"2024-06-20T23:59:59.999Z";"2024-06-20T12:58:00.000Z";"2024-06-20T19:43:00.000Z";"2781";0.5910699387;0.6373234661;0.5685385314;0.5688694725;895.03;0;"2024-06-20T23:59:59.999Z"
"2024-06-19T00:00:00.000Z";"2024-06-19T23:59:59.999Z";"2024-06-19T01:22:00.000Z";"2024-06-19T20:22:00.000Z";"2781";0.5958579834;0.5979835348;0.5884418237;0.5910699387;321.99;0;"2024-06-19T23:59:59.999Z"
"2024-06-18T00:00:00.000Z";"2024-06-18T23:59:59.999Z";"2024-06-18T08:58:00.000Z";"2024-06-18T02:13:00.000Z";"2781";0.6052522595;0.6503242501;0.5904447971;0.5958579834;1741.51;0;"2024-06-18T23:59:59.999Z"
"2024-06-17T00:00:00.000Z";"2024-06-17T23:59:59.999Z";"2024-06-17T12:55:00.000Z";"2024-06-17T21:13:00.000Z";"2781";0.6182280614;0.6353146143;0.6045886421;0.6052522595;2528.84;0;"2024-06-17T23:59:59.999Z"
"2024-06-16T00:00:00.000Z";"2024-06-16T23:59:59.999Z";"2024-06-16T10:52:00.000Z";"2024-06-16T03:13:00.000Z";"2781";0.6075025769;0.6596885503;0.6046325458;0.6182280614;2573.56;0;"2024-06-16T23:59:59.999Z"
"2024-06-15T00:00:00.000Z";"2024-06-15T23:59:59.999Z";"2024-06-15T12:16:00.000Z";"2024-06-15T20:22:00.000Z";"2781";0.654794725;0.6604769512;0.6046215344;0.6075025769;3037.3;0;"2024-06-15T23:59:59.999Z"
"2024-06-14T00:00:00.000Z";"2024-06-14T23:59:59.999Z";"2024-06-14T13:10:00.000Z";"2024-06-14T19:55:00.000Z";"2781";0.7410739019;0.749080235;0.6521744767;0.654794725;1191.86;0;"2024-06-14T23:59:59.999Z"
"2024-06-13T00:00:00.000Z";"2024-06-13T23:59:59.999Z";"2024-06-13T04:31:00.000Z";"2024-06-13T16:01:00.000Z";"2781";0.7218834577;0.814067439;0.7132256759;0.7410739019;2928.19;0;"2024-06-13T23:59:59.999Z"
"2024-06-12T00:00:00.000Z";"2024-06-12T23:59:59.999Z";"2024-06-12T21:49:00.000Z";"2024-06-12T01:31:00.000Z";"2781";0.6131786794;0.7245496572;0.6118777597;0.7218834577;2065.99;0;"2024-06-12T23:59:59.999Z"
"2024-06-11T00:00:00.000Z";"2024-06-11T23:59:59.999Z";"2024-06-11T13:25:00.000Z";"2024-06-11T22:31:00.000Z";"2781";0.7319247524;0.7554084584;0.6109240015;0.6131786794;6904.83;0;"2024-06-11T23:59:59.999Z"
"2024-06-10T00:00:00.000Z";"2024-06-10T23:59:59.999Z";"2024-06-10T02:40:00.000Z";"2024-06-10T18:37:00.000Z";"2781";0.7813494157;0.7826487271;0.6380518355;0.7319247524;18294.46;0;"2024-06-10T23:59:59.999Z"
"2024-06-09T00:00:00.000Z";"2024-06-09T23:59:59.999Z";"2024-06-09T21:52:00.000Z";"2024-06-09T21:40:00.000Z";"2781";0.7344216326;0.7838516882;0.6624282369;0.7813494157;11339.12;0;"2024-06-09T23:59:59.999Z"
"2024-06-08T00:00:00.000Z";"2024-06-08T23:59:59.999Z";"2024-06-08T08:01:00.000Z";"2024-06-08T14:34:00.000Z";"2781";0.8783544701;0.8807150394;0.6566890519;0.7344216326;15236.19;0;"2024-06-08T23:59:59.999Z"
"2024-06-07T00:00:00.000Z";"2024-06-07T23:59:59.999Z";"2024-06-07T00:51:00.000Z";"2024-06-07T00:15:00.000Z";"2781";0.8391497216;0.9892498426;0.8391255898;0.8783544701;7420.98;0;"2024-06-07T23:59:59.999Z"
"2024-06-06T00:00:00.000Z";"2024-06-06T23:59:59.999Z";"2024-06-06T20:46:00.000Z";"2024-06-06T01:18:00.000Z";"2781";0.722356995;1.1271165207;0.7210134629;0.8391497216;98251.54;0;"2024-06-06T23:59:59.999Z"
"2024-06-05T00:00:00.000Z";"2024-06-05T23:59:59.999Z";"2024-06-05T15:24:00.000Z";"2024-06-05T12:43:00.000Z";"2781";0.7226630526;0.743603003;0.6690685857;0.722356995;7692.14;0;"2024-06-05T23:59:59.999Z"
"2024-06-04T00:00:00.000Z";"2024-06-04T23:59:59.999Z";"2024-06-04T18:24:00.000Z";"2024-06-04T07:29:00.000Z";"2781";0.5474023082;0.8087714396;0.5472297951;0.7226630526;30115.78;0;"2024-06-04T23:59:59.999Z"
"2024-06-03T00:00:00.000Z";"2024-06-03T23:59:59.999Z";"2024-06-03T14:41:00.000Z";"2024-06-03T01:54:00.000Z";"2781";0.5471917592;0.5476827684;0.5470306819;0.5474023082;249.73;0;"2024-06-03T23:59:59.999Z"
"2024-06-02T00:00:00.000Z";"2024-06-02T23:59:59.999Z";"2024-06-02T11:46:00.000Z";"2024-06-02T00:07:00.000Z";"2781";0.5085505923;0.5648216457;0.5085250297;0.5471917592;3392.55;0;"2024-06-02T23:59:59.999Z"
"2024-06-01T00:00:00.000Z";"2024-06-01T23:59:59.999Z";"2024-06-01T04:16:00.000Z";"2024-06-01T05:34:00.000Z";"2781";0.5108580281;0.5124577066;0.507643713;0.5085505923;124.72;0;"2024-06-01T23:59:59.999Z"
"2024-05-31T00:00:00.000Z";"2024-05-31T23:59:59.999Z";"2024-05-31T02:18:00.000Z";"2024-05-31T16:24:00.000Z";"2781";0.5286078592;0.5289127832;0.507178796;0.5108580281;2244.1;0;"2024-05-31T23:59:59.999Z"
"2024-05-30T00:00:00.000Z";"2024-05-30T23:59:59.999Z";"2024-05-30T17:56:00.000Z";"2024-05-30T08:28:00.000Z";"2781";0.5062615989;0.5316955408;0.5034091243;0.5286078592;181.92;0;"2024-05-30T23:59:59.999Z"
"2024-05-29T00:00:00.000Z";"2024-05-29T23:59:59.999Z";"2024-05-29T19:33:00.000Z";"2024-05-29T16:19:00.000Z";"2781";0.5053890569;0.5130085989;0.5012783152;0.5062615989;1500.6;0;"2024-05-29T23:59:59.999Z"
"2024-05-28T00:00:00.000Z";"2024-05-28T23:59:59.999Z";"2024-05-28T01:20:00.000Z";"2024-05-28T18:44:00.000Z";"2781";0.5122987066;0.5126031801;0.5021573313;0.5053890569;789.06;0;"2024-05-28T23:59:59.999Z"
"2024-05-27T00:00:00.000Z";"2024-05-27T23:59:59.999Z";"2024-05-27T16:23:00.000Z";"2024-05-27T00:04:00.000Z";"2781";0.504493361;0.524698936;0.5043617646;0.5122987066;981.52;0;"2024-05-27T23:59:59.999Z"
"2024-05-26T00:00:00.000Z";"2024-05-26T23:59:59.999Z";"2024-05-26T13:40:00.000Z";"2024-05-26T23:39:00.000Z";"2781";0.5080247333;0.5121780234;0.5039792242;0.504493361;972.23;0;"2024-05-26T23:59:59.999Z"
"2024-05-25T00:00:00.000Z";"2024-05-25T23:59:59.999Z";"2024-05-25T19:08:00.000Z";"2024-05-25T01:03:00.000Z";"2781";0.4243153292;0.5124333869;0.4239954109;0.5080247333;457.55;0;"2024-05-25T23:59:59.999Z"
"2024-05-24T00:00:00.000Z";"2024-05-24T23:59:59.999Z";"2024-05-24T09:22:00.000Z";"2024-05-24T23:59:00.000Z";"2781";0.4994559788;0.5008480574;0.4243153292;0.4243153292;0;0;"2024-05-24T23:59:59.999Z"
"2024-05-23T00:00:00.000Z";"2024-05-23T23:59:59.999Z";"2024-05-23T12:39:00.000Z";"2024-05-23T23:19:00.000Z";"2781";0.5002185668;0.5110356859;0.4979864653;0.4994559788;536.14;0;"2024-05-23T23:59:59.999Z"
"2024-05-22T00:00:00.000Z";"2024-05-22T23:59:59.999Z";"2024-05-22T20:23:00.000Z";"2024-05-22T23:25:00.000Z";"2781";0.5080892048;0.5127034006;0.4998237661;0.5002185668;3936.54;0;"2024-05-22T23:59:59.999Z"
"2024-05-21T00:00:00.000Z";"2024-05-21T23:59:59.999Z";"2024-05-21T00:19:00.000Z";"2024-05-21T20:03:00.000Z";"2781";0.5166052628;0.5184170786;0.50489492;0.5080892048;94.79;0;"2024-05-21T23:59:59.999Z"
"2024-05-20T00:00:00.000Z";"2024-05-20T23:59:59.999Z";"2024-05-20T23:49:00.000Z";"2024-05-20T14:43:00.000Z";"2781";0.5052335334;0.5166263192;0.4864071459;0.5166052628;914.82;0;"2024-05-20T23:59:59.999Z"
"2024-05-19T00:00:00.000Z";"2024-05-19T23:59:59.999Z";"2024-05-19T02:59:00.000Z";"2024-05-19T19:14:00.000Z";"2781";0.5385934754;0.5398925092;0.5001538162;0.5052335334;509.17;0;"2024-05-19T23:59:59.999Z"
"2024-05-18T00:00:00.000Z";"2024-05-18T23:59:59.999Z";"2024-05-18T16:32:00.000Z";"2024-05-18T00:36:00.000Z";"2781";0.5310166288;0.5429293082;0.5304154829;0.5385934754;409.09;0;"2024-05-18T23:59:59.999Z"
"2024-05-17T00:00:00.000Z";"2024-05-17T23:59:59.999Z";"2024-05-17T15:34:00.000Z";"2024-05-17T18:13:00.000Z";"2781";0.5551586218;0.564287299;0.5217107867;0.5310166288;402.07;0;"2024-05-17T23:59:59.999Z"
"2024-05-16T00:00:00.000Z";"2024-05-16T23:59:59.999Z";"2024-05-16T02:32:00.000Z";"2024-05-16T17:41:00.000Z";"2781";0.5789824302;0.5937340479;0.5524099053;0.5551586218;597.04;0;"2024-05-16T23:59:59.999Z"
"2024-05-15T00:00:00.000Z";"2024-05-15T23:59:59.999Z";"2024-05-15T16:17:00.000Z";"2024-05-15T00:51:00.000Z";"2781";0.4699332393;0.6335402618;0.4692935016;0.5789824302;15532.25;0;"2024-05-15T23:59:59.999Z"
"2024-05-14T00:00:00.000Z";"2024-05-14T23:59:59.999Z";"2024-05-14T12:27:00.000Z";"2024-05-14T06:22:00.000Z";"2781";0.4311662958;0.4816014388;0.4093804433;0.4699332393;2962.71;0;"2024-05-14T23:59:59.999Z"
"2024-05-13T00:00:00.000Z";"2024-05-13T23:59:59.999Z";"2024-05-13T21:09:00.000Z";"2024-05-13T17:49:00.000Z";"2781";0.4087595217;0.4318828464;0.3894566334;0.4311662958;1948.2;0;"2024-05-13T23:59:59.999Z"
"2024-05-12T00:00:00.000Z";"2024-05-12T23:59:59.999Z";"2024-05-12T16:25:00.000Z";"2024-05-12T11:05:00.000Z";"2781";0.4063520643;0.4186403898;0.3682589865;0.4087595217;12062.21;0;"2024-05-12T23:59:59.999Z"
"2024-05-11T00:00:00.000Z";"2024-05-11T23:59:59.999Z";"2024-05-11T20:25:00.000Z";"2024-05-11T00:52:00.000Z";"2781";0.3956360628;0.4125981804;0.395072799;0.4063520643;174.38;0;"2024-05-11T23:59:59.999Z"
"2024-05-10T00:00:00.000Z";"2024-05-10T23:59:59.999Z";"2024-05-10T09:04:00.000Z";"2024-05-10T18:24:00.000Z";"2781";0.4453154026;0.5743654502;0.3702204841;0.3956360628;7724.97;0;"2024-05-10T23:59:59.999Z"
"2024-05-09T00:00:00.000Z";"2024-05-09T23:59:59.999Z";"2024-05-09T10:03:00.000Z";"2024-05-09T08:17:00.000Z";"2781";0.4216819049;0.4510929543;0.4047696051;0.4453154026;1751.17;0;"2024-05-09T23:59:59.999Z"
"2024-05-08T00:00:00.000Z";"2024-05-08T23:59:59.999Z";"2024-05-08T18:33:00.000Z";"2024-05-08T09:38:00.000Z";"2781";0.4024398506;0.4655377716;0.367243706;0.4216819049;2284.09;0;"2024-05-08T23:59:59.999Z"
"2024-05-07T00:00:00.000Z";"2024-05-07T23:59:59.999Z";"2024-05-07T01:52:00.000Z";"2024-05-07T23:07:00.000Z";"2781";0.4080452834;0.4139178109;0.4021951405;0.4024398506;102.74;0;"2024-05-07T23:59:59.999Z"
"2024-05-06T00:00:00.000Z";"2024-05-06T23:59:59.999Z";"2024-05-06T08:28:00.000Z";"2024-05-06T19:36:00.000Z";"2781";0.4202309062;0.4247918802;0.4075264421;0.4080452834;842.53;0;"2024-05-06T23:59:59.999Z"
"2024-05-05T00:00:00.000Z";"2024-05-05T23:59:59.999Z";"2024-05-05T08:43:00.000Z";"2024-05-05T00:47:00.000Z";"2781";0.3862819263;0.4438813187;0.3849757724;0.4202309062;6470.87;0;"2024-05-05T23:59:59.999Z"
"2024-05-04T00:00:00.000Z";"2024-05-04T23:59:59.999Z";"2024-05-04T01:31:00.000Z";"2024-05-04T21:42:00.000Z";"2781";0.3913048953;0.3916478513;0.384556821;0.3862819263;851.77;0;"2024-05-04T23:59:59.999Z"
"2024-05-03T00:00:00.000Z";"2024-05-03T23:59:59.999Z";"2024-05-03T14:09:00.000Z";"2024-05-03T19:21:00.000Z";"2781";0.4078556243;0.4645275228;0.1385473262;0.3913048953;39042.6;0;"2024-05-03T23:59:59.999Z"
"2024-05-02T00:00:00.000Z";"2024-05-02T23:59:59.999Z";"2024-05-02T20:01:00.000Z";"2024-05-02T22:07:00.000Z";"2781";0.4992209398;0.5239094142;0.3908670509;0.4078556243;11939.91;0;"2024-05-02T23:59:59.999Z"
"2024-05-01T00:00:00.000Z";"2024-05-01T23:59:59.999Z";"2024-05-01T18:59:00.000Z";"2024-05-01T07:33:00.000Z";"2781";0.5032367143;0.5061540471;0.4947916837;0.4992209398;693.48;0;"2024-05-01T23:59:59.999Z"
"2024-04-30T00:00:00.000Z";"2024-04-30T23:59:59.999Z";"2024-04-30T19:13:00.000Z";"2024-04-30T11:46:00.000Z";"2781";0.4913019288;0.5086108319;0.4791409843;0.5032367143;669.26;0;"2024-04-30T23:59:59.999Z"
"2024-04-29T00:00:00.000Z";"2024-04-29T23:59:59.999Z";"2024-04-29T23:12:00.000Z";"2024-04-29T13:55:00.000Z";"2781";0.4652899392;0.4934860207;0.4336566238;0.4913019288;1168.35;0;"2024-04-29T23:59:59.999Z"
"2024-04-28T00:00:00.000Z";"2024-04-28T23:59:59.999Z";"2024-04-28T19:07:00.000Z";"2024-04-28T00:01:00.000Z";"2781";0.4163060669;0.4656391278;0.4162440034;0.4652899392;9.77;0;"2024-04-28T23:59:59.999Z"
"2024-04-27T00:00:00.000Z";"2024-04-27T23:59:59.999Z";"2024-04-27T02:39:00.000Z";"2024-04-27T11:10:00.000Z";"2781";0.4652689224;0.465469537;0.4096632647;0.4163060669;0;0;"2024-04-27T23:59:59.999Z"
"2024-04-26T00:00:00.000Z";"2024-04-26T23:59:59.999Z";"2024-04-26T02:06:00.000Z";"2024-04-26T09:08:00.000Z";"2781";0.4652952036;0.4717897804;0.4533286285;0.4652689224;908.31;0;"2024-04-26T23:59:59.999Z"
"2024-04-25T00:00:00.000Z";"2024-04-25T23:59:59.999Z";"2024-04-25T09:12:00.000Z";"2024-04-25T23:49:00.000Z";"2781";0.4820336817;0.4934246896;0.4651154974;0.4652952036;435.17;0;"2024-04-25T23:59:59.999Z"
"2024-04-24T00:00:00.000Z";"2024-04-24T23:59:59.999Z";"2024-04-24T17:41:00.000Z";"2024-04-24T21:46:00.000Z";"2781";0.4918185784;0.5256060779;0.459780128;0.4820336817;4203.85;0;"2024-04-24T23:59:59.999Z"
"2024-04-23T00:00:00.000Z";"2024-04-23T23:59:59.999Z";"2024-04-23T01:19:00.000Z";"2024-04-23T22:31:00.000Z";"2781";0.541039878;0.543585421;0.4832946724;0.4918185784;3926.07;0;"2024-04-23T23:59:59.999Z"
"2024-04-22T00:00:00.000Z";"2024-04-22T23:59:59.999Z";"2024-04-22T17:56:00.000Z";"2024-04-22T02:36:00.000Z";"2781";0.5160475511;0.5590782671;0.5140056533;0.541039878;3243.81;0;"2024-04-22T23:59:59.999Z"
"2024-04-21T00:00:00.000Z";"2024-04-21T23:59:59.999Z";"2024-04-21T03:15:00.000Z";"2024-04-21T20:07:00.000Z";"2781";0.5238802735;0.5265356033;0.4525724086;0.5160475511;54.14;0;"2024-04-21T23:59:59.999Z"
"2024-04-20T00:00:00.000Z";"2024-04-20T23:59:59.999Z";"2024-04-20T17:31:00.000Z";"2024-04-20T02:22:00.000Z";"2781";0.5240580135;0.5254215768;0.4501285876;0.5238802735;192.9;0;"2024-04-20T23:59:59.999Z"
"2024-04-19T00:00:00.000Z";"2024-04-19T23:59:59.999Z";"2024-04-19T12:53:00.000Z";"2024-04-19T02:11:00.000Z";"2781";0.5087242511;0.5284085514;0.5018772312;0.5240580135;385.02;0;"2024-04-19T23:59:59.999Z"
"2024-04-18T00:00:00.000Z";"2024-04-18T23:59:59.999Z";"2024-04-18T15:10:00.000Z";"2024-04-18T17:57:00.000Z";"2781";0.5219219111;0.5263600102;0.5053692451;0.5087242511;4812.33;0;"2024-04-18T23:59:59.999Z"
"2024-04-17T00:00:00.000Z";"2024-04-17T23:59:59.999Z";"2024-04-17T05:24:00.000Z";"2024-04-17T16:10:00.000Z";"2781";0.5318635958;0.534302264;0.4862446317;0.5219219111;6794.38;0;"2024-04-17T23:59:59.999Z"
"2024-04-16T00:00:00.000Z";"2024-04-16T23:59:59.999Z";"2024-04-16T21:55:00.000Z";"2024-04-16T10:32:00.000Z";"2781";0.5229700528;0.5336815472;0.4864205538;0.5318635958;4835.5;0;"2024-04-16T23:59:59.999Z"
"2024-04-15T00:00:00.000Z";"2024-04-15T23:59:59.999Z";"2024-04-15T00:22:00.000Z";"2024-04-15T04:16:00.000Z";"2781";0.539968975;0.5401304448;0.4949560063;0.5229700528;4605.75;0;"2024-04-15T23:59:59.999Z"
"2024-04-14T00:00:00.000Z";"2024-04-14T23:59:59.999Z";"2024-04-14T23:48:00.000Z";"2024-04-14T09:45:00.000Z";"2781";0.534250231;0.540203332;0.4714294997;0.539968975;2389.01;0;"2024-04-14T23:59:59.999Z"
"2024-04-13T00:00:00.000Z";"2024-04-13T23:59:59.999Z";"2024-04-13T04:49:00.000Z";"2024-04-13T08:21:00.000Z";"2781";0.5882211994;0.5916560148;0.4990102229;0.534250231;7847.35;0;"2024-04-13T23:59:59.999Z"
"2024-04-12T00:00:00.000Z";"2024-04-12T23:59:59.999Z";"2024-04-12T09:15:00.000Z";"2024-04-12T17:37:00.000Z";"2781";0.5990014291;0.6055110617;0.54476139;0.5882211994;771.42;0;"2024-04-12T23:59:59.999Z"
"2024-04-11T00:00:00.000Z";"2024-04-11T23:59:59.999Z";"2024-04-11T02:49:00.000Z";"2024-04-11T15:12:00.000Z";"2781";0.6069384642;0.6094623423;0.5985852319;0.5990014291;828.56;0;"2024-04-11T23:59:59.999Z"
"2024-04-10T00:00:00.000Z";"2024-04-10T23:59:59.999Z";"2024-04-10T20:02:00.000Z";"2024-04-10T21:31:00.000Z";"2781";0.6146833944;0.6345438287;0.6047132758;0.6069384642;4816.85;0;"2024-04-10T23:59:59.999Z"
"2024-04-09T00:00:00.000Z";"2024-04-09T23:59:59.999Z";"2024-04-09T23:08:00.000Z";"2024-04-09T17:15:00.000Z";"2781";0.5620096711;0.6204439527;0.5603270796;0.6146833944;6453.14;0;"2024-04-09T23:59:59.999Z"
"2024-04-08T00:00:00.000Z";"2024-04-08T23:59:59.999Z";"2024-04-08T08:09:00.000Z";"2024-04-08T23:59:00.000Z";"2781";0.579037621;0.6354411079;0.5620096711;0.5620096711;3794.52;0;"2024-04-08T23:59:59.999Z"
"2024-04-07T00:00:00.000Z";"2024-04-07T23:59:59.999Z";"2024-04-07T23:26:00.000Z";"2024-04-07T00:33:00.000Z";"2781";0.5223752984;0.5794549106;0.5219831795;0.579037621;3086.5;0;"2024-04-07T23:59:59.999Z"
"2024-04-06T00:00:00.000Z";"2024-04-06T23:59:59.999Z";"2024-04-06T17:49:00.000Z";"2024-04-06T22:52:00.000Z";"2781";0.5295432687;0.5746005952;0.5212395245;0.5223752984;7938.66;0;"2024-04-06T23:59:59.999Z"
"2024-04-05T00:00:00.000Z";"2024-04-05T23:59:59.999Z";"2024-04-05T14:55:00.000Z";"2024-04-05T20:04:00.000Z";"2781";0.5490148572;0.550842934;0.5060875078;0.5295432687;1923.93;0;"2024-04-05T23:59:59.999Z"
"2024-04-04T00:00:00.000Z";"2024-04-04T23:59:59.999Z";"2024-04-04T12:55:00.000Z";"2024-04-04T13:18:00.000Z";"2781";0.5687089701;0.5800929324;0.5475875148;0.5490148572;319.23;0;"2024-04-04T23:59:59.999Z"
"2024-04-03T00:00:00.000Z";"2024-04-03T23:59:59.999Z";"2024-04-03T21:05:00.000Z";"2024-04-03T15:37:00.000Z";"2781";0.547254924;0.6049323845;0.5315654866;0.5687089701;3049.51;0;"2024-04-03T23:59:59.999Z"
"2024-04-02T00:00:00.000Z";"2024-04-02T23:59:59.999Z";"2024-04-02T20:28:00.000Z";"2024-04-02T14:06:00.000Z";"2781";0.54467646;0.6170357411;0.530032022;0.547254924;5235.13;0;"2024-04-02T23:59:59.999Z"
"2024-04-01T00:00:00.000Z";"2024-04-01T23:59:59.999Z";"2024-04-01T00:01:00.000Z";"2024-04-01T14:57:00.000Z";"2781";0.5657337309;0.5659634338;0.5321047902;0.54467646;2629.84;0;"2024-04-01T23:59:59.999Z"
"2024-03-31T00:00:00.000Z";"2024-03-31T23:59:59.999Z";"2024-03-31T01:11:00.000Z";"2024-03-31T16:46:00.000Z";"2781";0.575876145;0.5765621375;0.4976209521;0.5657337309;5509.67;0;"2024-03-31T23:59:59.999Z"
"2024-03-30T00:00:00.000Z";"2024-03-30T23:59:59.999Z";"2024-03-30T19:34:00.000Z";"2024-03-30T07:58:00.000Z";"2781";0.5592768087;0.5897508488;0.5115679615;0.575876145;2224.31;0;"2024-03-30T23:59:59.999Z"
"2024-03-29T00:00:00.000Z";"2024-03-29T23:59:59.999Z";"2024-03-29T10:55:00.000Z";"2024-03-29T09:42:00.000Z";"2781";0.5874033756;0.622152153;0.5322673139;0.5592768087;38003.58;0;"2024-03-29T23:59:59.999Z"
"2024-03-28T00:00:00.000Z";"2024-03-28T23:59:59.999Z";"2024-03-28T10:10:00.000Z";"2024-03-28T08:25:00.000Z";"2781";0.4441039788;0.8901042985;0.4352848394;0.5874033756;30672.23;0;"2024-03-28T23:59:59.999Z"
"2024-03-27T00:00:00.000Z";"2024-03-27T23:59:59.999Z";"2024-03-27T14:19:00.000Z";"2024-03-27T00:16:00.000Z";"2781";0.4284212552;0.4584547114;0.4262021847;0.4441039788;1313.69;0;"2024-03-27T23:59:59.999Z"
"2024-03-26T00:00:00.000Z";"2024-03-26T23:59:59.999Z";"2024-03-26T00:10:00.000Z";"2024-03-26T14:34:00.000Z";"2781";0.4766443662;0.4768304392;0.4257527191;0.4284212552;1025.24;0;"2024-03-26T23:59:59.999Z"
"2024-03-25T00:00:00.000Z";"2024-03-25T23:59:59.999Z";"2024-03-25T15:10:00.000Z";"2024-03-25T00:42:00.000Z";"2781";0.4589532821;0.4864600883;0.457507343;0.4766443662;1230.05;0;"2024-03-25T23:59:59.999Z"
"2024-03-24T00:00:00.000Z";"2024-03-24T23:59:59.999Z";"2024-03-24T01:30:00.000Z";"2024-03-24T14:15:00.000Z";"2781";0.4638702098;0.4673839903;0.3955865508;0.4589532821;2912.59;0;"2024-03-24T23:59:59.999Z"
"2024-03-23T00:00:00.000Z";"2024-03-23T23:59:59.999Z";"2024-03-23T12:28:00.000Z";"2024-03-23T18:43:00.000Z";"2781";0.4424553702;0.4870138328;0.4106454025;0.4638702098;2069.6;0;"2024-03-23T23:59:59.999Z"
"2024-03-22T00:00:00.000Z";"2024-03-22T23:59:59.999Z";"2024-03-22T00:23:00.000Z";"2024-03-22T16:52:00.000Z";"2781";0.4581054843;0.4605049691;0.3274790428;0.4424553702;16286.43;0;"2024-03-22T23:59:59.999Z"
"2024-03-21T00:00:00.000Z";"2024-03-21T23:59:59.999Z";"2024-03-21T13:32:00.000Z";"2024-03-21T13:07:00.000Z";"2781";0.4636969813;0.5092092491;0.3985682593;0.4581054843;4738.61;0;"2024-03-21T23:59:59.999Z"
"2024-03-20T00:00:00.000Z";"2024-03-20T23:59:59.999Z";"2024-03-20T20:42:00.000Z";"2024-03-20T05:36:00.000Z";"2781";0.4626478302;0.491648344;0.4234074614;0.4636969813;1321.69;0;"2024-03-20T23:59:59.999Z"
"2024-03-19T00:00:00.000Z";"2024-03-19T23:59:59.999Z";"2024-03-19T12:34:00.000Z";"2024-03-19T16:55:00.000Z";"2781";0.4812939449;0.514632673;0.2950513463;0.4626478302;25641.26;0;"2024-03-19T23:59:59.999Z"
"2024-03-18T00:00:00.000Z";"2024-03-18T23:59:59.999Z";"2024-03-18T21:10:00.000Z";"2024-03-18T11:13:00.000Z";"2781";0.4908559637;0.5054259522;0.4720121739;0.4812939449;2829.6;0;"2024-03-18T23:59:59.999Z"
"2024-03-17T00:00:00.000Z";"2024-03-17T23:59:59.999Z";"2024-03-17T23:56:00.000Z";"2024-03-17T12:22:00.000Z";"2781";0.3939062004;0.4966270645;0.3644101025;0.4908559637;15737.09;0;"2024-03-17T23:59:59.999Z"
"2024-03-16T00:00:00.000Z";"2024-03-16T23:59:59.999Z";"2024-03-16T11:56:00.000Z";"2024-03-16T09:14:00.000Z";"2781";0.4231022886;0.4265709861;0.3220135357;0.3939062004;13320.39;0;"2024-03-16T23:59:59.999Z"
"2024-03-15T00:00:00.000Z";"2024-03-15T23:59:59.999Z";"2024-03-15T00:40:00.000Z";"2024-03-15T13:37:00.000Z";"2781";0.6068448725;0.6093103036;0.2985071819;0.4231022886;22603.61;0;"2024-03-15T23:59:59.999Z"
"2024-03-14T00:00:00.000Z";"2024-03-14T23:59:59.999Z";"2024-03-14T23:59:00.000Z";"2024-03-14T21:50:00.000Z";"2781";0.5710830393;0.6068448725;0.5141167489;0.6068448725;1934.6;0;"2024-03-14T23:59:59.999Z"